timestamp_ms,ax_g,ay_g,az_g,gx_dps,gy_dps,gz_dps,A,G,label
1362,0.003906,0.041992,0.958008,-5.000000,1.954198,-0.709924,0.958936,5.415061,normal
1382,-0.010742,0.090088,1.020752,-5.061069,2.183206,-0.297710,1.024776,5.519912,normal
1402,-0.011963,0.078613,0.985596,-4.816794,2.167939,-0.671756,0.988798,5.324727,normal
1422,0.002441,0.062988,0.978027,-4.564886,2.488550,-1.061069,0.980057,5.306310,normal
1442,-0.004639,0.061768,0.980957,-4.992366,1.732824,-0.648855,0.982911,5.324229,normal
1462,-0.001221,0.067627,0.983154,-5.183206,1.961832,-0.282443,0.985478,5.549251,normal
1482,0.005859,0.066895,0.991699,-5.213740,2.267176,-0.564885,0.993970,5.713341,normal
1502,-0.010986,0.073975,0.987549,-5.053435,2.534351,-0.534351,0.990377,5.678527,normal
1522,-0.007324,0.066406,0.981689,-4.862596,1.984733,-0.664122,0.983960,5.293870,normal
1542,0.000000,0.064453,0.988037,-4.984733,2.091603,-0.435115,0.990137,5.423254,normal
1562,0.005127,0.065430,0.979980,-4.862596,1.977099,-0.641221,0.982176,5.288187,normal
1582,-0.006592,0.069580,0.980469,-5.022901,2.503817,-0.648855,0.982957,5.649747,normal
1602,-0.009766,0.066406,0.983643,-4.984733,2.801527,-0.717557,0.985930,5.762898,normal
1622,-0.009766,0.072510,0.987549,-4.832061,2.007634,-0.496183,0.990255,5.256007,normal
1642,-0.002197,0.061768,0.988525,-4.702290,1.748092,-0.603053,0.990456,5.052824,normal
1662,0.005615,0.069092,0.984375,-4.893130,1.862595,-0.770992,0.986813,5.292109,normal
1682,-0.006592,0.070557,0.985596,-4.816794,2.480916,-0.656489,0.988140,5.457786,normal
1702,-0.004395,0.071289,0.984619,-4.885496,2.541985,-0.709924,0.987206,5.552815,normal
1722,-0.009521,0.071777,0.984619,-4.763359,1.839695,-0.580153,0.987278,5.139128,normal
1742,-0.001709,0.067627,0.990967,-4.847328,1.687023,-0.740458,0.993273,5.185645,normal
1762,0.001465,0.068848,0.986572,-4.824428,2.290076,-0.687023,0.988973,5.384380,normal
1782,0.000488,0.068604,0.986084,-5.076336,2.251908,-0.458015,0.988468,5.572258,normal
1802,-0.001465,0.065430,0.987305,-5.022901,1.877863,-0.503817,0.989471,5.386068,normal
1822,-0.003174,0.066895,0.981934,-4.946565,1.931298,-0.503817,0.984215,5.334064,normal
1842,-0.002930,0.064697,0.990723,-4.862596,2.229008,-0.450382,0.992837,5.368068,normal
1862,-0.009521,0.067383,0.985352,-4.519084,2.480916,-0.885496,0.987699,5.230790,normal
1882,-0.003906,0.067383,0.980225,-4.847328,2.267176,-0.671756,0.982546,5.393323,normal
1902,-0.005371,0.067627,0.987549,-4.923664,1.870229,-0.419847,0.989876,5.283607,normal
1922,-0.000732,0.069824,0.981934,-4.908397,2.213740,-0.625954,0.984413,5.420777,normal
1942,0.001221,0.067627,0.979248,-4.862596,1.129771,-0.717557,0.981581,5.043422,normal
1962,0.004150,0.071533,0.991455,-5.015267,2.267176,-0.587786,0.994041,5.535204,normal
1982,-0.002441,0.065674,0.982910,-4.801527,2.145038,-0.770992,0.985105,5.315099,normal
2002,-0.012207,0.081299,0.984863,-5.694656,2.068702,-0.450382,0.988289,6.075482,normal
2022,-0.013184,0.076904,0.981934,-6.305344,1.358779,0.083969,0.985029,6.450634,normal
2042,-0.009277,0.062012,0.988770,-6.122138,0.786260,-0.213740,0.990756,6.176120,normal
2062,-0.006592,0.072510,0.983398,-6.175572,0.748092,0.694656,0.986090,6.259384,normal
2082,0.002441,0.082764,0.981689,-3.801527,1.335878,-1.061069,0.985175,4.166778,normal
2102,0.015381,0.013672,0.998047,-3.267176,2.580153,-0.664122,0.998259,4.215766,normal
2122,0.006348,0.087158,0.980713,-3.877863,3.557252,-1.213740,0.984599,5.400465,normal
2142,-0.019775,0.141113,0.989990,-6.916030,5.458015,-0.145038,1.000192,8.811495,normal
2162,-0.039551,0.154785,0.978271,-4.503817,2.709924,-2.068702,0.991230,5.648680,normal
2182,-0.015869,0.053467,0.989746,-2.633588,0.274809,-1.786260,0.991316,3.194062,normal
2202,0.013428,0.027588,0.988281,-5.091603,0.648855,-0.496183,0.988757,5.156708,normal
2222,0.009033,0.074463,0.979248,-5.763359,2.122137,-0.251908,0.982117,6.146806,normal
2242,-0.004150,0.075439,0.987061,-4.977099,3.488550,-0.656489,0.989948,6.113303,normal
2262,-0.011719,0.062988,0.981689,-4.671756,2.671756,-0.908397,0.983778,5.457909,normal
2282,-0.007568,0.056885,0.993652,-4.931298,1.725191,-0.526718,0.995308,5.250849,normal
2302,0.000488,0.064941,0.984619,-4.847328,1.282443,-0.412214,0.986759,5.031021,normal
2322,0.004639,0.070068,0.984619,-5.022901,2.137405,-0.282443,0.987120,5.466059,normal
2342,-0.002686,0.064697,0.984619,-4.847328,2.740458,-0.725191,0.986746,5.615390,normal
2362,-0.000977,0.065674,0.989014,-5.114504,2.572519,-0.587786,0.991192,5.755128,normal
2382,-0.005859,0.066650,0.977539,-5.038168,2.129771,-0.564885,0.979826,5.498923,normal
2402,-0.002686,0.061035,0.985352,-4.824428,1.587786,-0.519084,0.987244,5.105450,normal
2422,0.002441,0.067627,0.986328,-5.083970,1.534351,-0.488550,0.988647,5.332885,normal
2442,0.004883,0.068604,0.980469,-5.061069,2.358779,-0.572519,0.982878,5.613023,normal
2462,-0.001465,0.068848,0.995605,-4.961832,2.572519,-0.480916,0.997984,5.609716,normal
2482,-0.005127,0.070068,0.991699,-4.862596,2.022901,-0.595420,0.994185,5.300140,normal
2502,-0.004883,0.069824,0.986084,-4.816794,1.854962,-0.732824,0.988565,5.213388,normal
2522,-0.007080,0.064453,0.981201,-4.847328,1.946565,-0.610687,0.983341,5.259149,normal
2542,-0.001465,0.067871,0.988281,-4.793893,1.923664,-0.755725,0.990610,5.220442,normal
2562,-0.001221,0.071289,0.981201,-5.053435,2.137405,-0.572519,0.983788,5.516655,normal
2582,-0.005615,0.070312,0.985596,-5.030534,2.183206,-0.648855,0.988117,5.522108,normal
2602,-0.007568,0.067139,0.980713,-4.648855,2.732824,-0.732824,0.983037,5.442170,normal
2622,0.001465,0.063965,0.980713,-4.610687,1.450382,-0.526718,0.982798,4.862044,normal
2642,-0.001465,0.067627,0.986572,-4.977099,1.709924,-0.488550,0.988888,5.285266,normal
2662,-0.000977,0.069580,0.988281,-4.610687,2.503817,-0.656489,0.990728,5.287581,normal
2682,-0.002686,0.067871,0.986572,-4.954198,2.000000,-0.740458,0.988908,5.393734,normal
2702,-0.004883,0.071289,0.984863,-5.061069,2.244275,-0.549618,0.987452,5.563566,normal
2722,-0.002441,0.068604,0.977051,-4.885496,2.290076,-0.580153,0.979459,5.426702,normal
2742,-0.003418,0.067139,0.983154,-5.038168,1.557252,-0.702290,0.985450,5.319904,normal
2762,-0.010010,0.067871,0.980225,-4.984733,1.473282,-0.633588,0.982623,5.236368,normal
2782,0.000977,0.064697,0.984131,-5.198473,2.076336,-0.450382,0.986256,5.615883,normal
2802,-0.008057,0.064941,0.978760,-5.015267,2.137405,-0.618321,0.980945,5.486686,normal
2822,-0.004395,0.065918,0.986816,-5.015267,1.717557,-0.648855,0.989025,5.340779,normal
2842,-0.009521,0.074951,0.981689,-5.137404,2.221374,-0.503817,0.984593,5.619720,normal
2862,0.000977,0.064941,0.993652,-4.877862,1.709924,-0.923664,0.995773,5.250765,normal
2882,-0.003174,0.069092,0.985840,-5.038168,1.893130,-0.740458,0.988263,5.432804,normal
2902,-0.003662,0.072754,0.980957,-4.664122,1.702290,-0.961832,0.983658,5.057366,normal
2922,-0.004639,0.065918,0.985840,-4.748092,2.206107,-0.748092,0.988052,5.288754,normal
2942,-0.001221,0.063232,0.989990,-4.709924,2.320611,-0.610687,0.992008,5.285977,normal
2962,-0.005859,0.067871,0.980469,-4.984733,2.282443,-0.137405,0.982833,5.484158,normal
2982,-0.005615,0.077881,0.985596,-4.297710,1.595420,0.198473,0.988684,4.588580,normal
3002,0.001465,0.052490,0.978271,-5.000000,1.083969,0.847328,0.979680,5.185842,normal
3022,0.007812,0.060303,0.997314,-4.541985,3.404580,0.786260,0.999166,5.730531,normal
3042,-0.006836,0.051758,0.974854,-4.610687,4.282443,-0.015267,0.976250,6.292693,normal
3062,-0.019287,0.072021,0.990234,-5.282443,0.900763,0.213740,0.993037,5.362952,normal
3082,-0.001221,0.078613,0.992188,-5.152672,0.381679,0.625954,0.995298,5.204567,normal
3102,-0.010498,0.074707,0.993896,-4.015267,1.267176,-0.236641,0.996756,4.217121,normal
3122,0.008301,0.062012,0.969727,-4.335878,2.343511,-0.977099,0.971743,5.024600,normal
3142,-0.000977,0.023193,0.993896,-4.717557,2.511450,0.541985,0.994168,5.371822,normal
3162,0.000488,0.074707,0.979248,-3.725191,3.725191,-4.847328,0.982094,7.158958,normal
3182,-0.014893,0.130371,1.006104,-2.496183,2.343511,-6.038168,1.014624,6.941358,normal
3202,-0.004395,0.076172,0.969727,-2.870229,5.122138,-6.541985,0.972724,8.790454,normal
3222,-0.027832,0.070801,1.002686,-3.664122,3.648855,-0.664122,1.005567,5.213539,normal
3242,-0.015869,0.025635,1.003418,-0.923664,4.458015,-0.580153,1.003871,4.589513,normal
3262,-0.004639,0.048096,0.979248,-2.290076,0.274809,-0.641221,0.980439,2.393979,normal
3282,-0.007568,0.055176,0.972900,-2.664122,2.198473,0.702290,0.974493,3.524776,normal
3302,0.015137,0.059082,1.001953,0.458015,2.740458,1.213740,1.003808,3.032005,normal
3322,0.012695,0.055664,0.987061,3.671756,4.396946,-2.236641,0.988710,6.149593,normal
3342,-0.019775,0.126221,0.984863,-1.175573,6.244275,0.656489,0.993115,6.387794,normal
3362,-0.025879,0.065430,0.984375,-3.557252,4.328244,1.847328,0.986886,5.899183,normal
3382,-0.027588,0.068115,0.999756,-1.923664,0.870229,2.145038,1.002453,3.009813,normal
3402,-0.005615,0.088623,0.981934,-0.793893,-0.671756,1.152672,0.985941,1.552474,normal
3422,0.024414,0.053955,0.971436,-1.778626,2.122137,-0.442748,0.973239,2.804105,normal
3442,0.008789,0.149414,0.997070,-2.519084,1.374046,-0.778626,1.008242,2.973221,normal
3462,0.018066,0.096680,0.977295,-7.038168,4.236641,1.748092,0.982231,8.398855,normal
3482,-0.030273,0.052002,0.974365,-6.274809,8.412213,2.473282,0.976221,10.782193,normal
3502,-0.061035,0.126953,0.991455,-3.732824,4.167939,0.473282,1.001412,5.615130,normal
3522,0.000244,0.040771,0.996582,-6.534351,-6.007634,5.358778,0.997416,10.368506,normal
3542,0.040039,0.042725,1.015381,-2.656489,1.824427,1.297710,1.017068,3.474121,normal
3562,0.017090,0.071289,0.989014,-2.045802,4.809160,1.809160,0.991727,5.530496,normal
3582,-0.032715,-0.007080,0.936523,3.801527,8.229008,-4.213740,0.937121,9.996188,normal
3602,-0.117188,0.071777,0.996582,6.984733,-3.671756,-1.099237,1.006012,7.967220,normal
3622,-0.030518,0.130127,0.975830,6.908397,-7.847328,-2.580153,0.984941,10.768644,normal
3642,0.011963,0.136719,0.979980,0.641221,-8.290076,0.099237,0.989544,8.315430,normal
3662,0.081055,0.056641,0.973145,-0.656489,-3.404580,2.977099,0.978156,4.570040,normal
3682,0.086914,0.092773,0.965576,2.870229,4.748092,4.778626,0.973909,7.322422,normal
3702,0.011475,0.166260,0.986328,0.877863,13.045801,1.832061,1.000309,13.203031,normal
3722,-0.068604,0.117432,1.011963,-3.389313,9.801527,1.534351,1.021061,10.483873,normal
3742,-0.061035,0.135498,1.006348,-5.007634,1.526718,3.015267,1.017261,6.041448,normal
3762,0.002441,0.152832,1.037354,-11.259542,0.114504,5.343512,1.048554,12.463688,normal
3782,0.050293,0.061523,0.972168,-9.282443,6.435114,4.389313,0.975410,12.117777,normal
3802,0.006836,0.103760,0.972900,-6.282443,11.320611,1.137405,0.978442,12.996884,normal
3822,-0.051514,0.086670,1.023682,-6.480916,6.183206,1.893130,1.028635,9.155231,normal
3842,-0.055664,0.157959,1.012451,-7.244275,3.198473,0.732824,1.026210,7.952785,normal
3862,-0.029053,0.098633,0.999023,-10.221375,-0.045802,1.526718,1.004301,10.334866,normal
3882,0.020508,0.072266,1.016846,-9.557252,2.106870,2.076336,1.019617,10.004556,normal
3902,0.001221,0.078613,0.992676,-8.068703,6.114504,2.167939,0.995784,10.353312,normal
3922,-0.003418,0.087158,0.978516,-5.007634,6.038168,3.221374,0.982396,8.480160,normal
3942,-0.021973,0.091553,0.983398,-2.427481,7.618320,1.267176,0.987895,8.095505,normal
3962,-0.021484,0.087891,0.980713,-1.000000,6.450382,0.854962,0.984878,6.583189,normal
3982,-0.036133,0.119629,0.986084,-1.572519,5.595420,-0.022901,0.993971,5.812234,normal
4002,-0.015137,0.113770,0.993896,-3.885496,3.832061,1.389313,1.000501,5.631338,normal
4022,-0.013672,0.046387,0.979492,-3.251908,4.389313,2.022901,0.980685,5.825212,normal
4042,-0.011719,0.073730,0.969971,-1.816794,0.748092,3.877863,0.972839,4.347206,normal
4062,0.008057,0.137451,0.984863,-7.259542,-1.687023,4.908397,0.994441,8.924088,normal
4082,0.038818,0.100586,0.960938,-10.725191,2.770992,4.022901,0.966967,11.785238,normal
4102,0.008545,0.024902,0.966553,-2.610687,7.381680,2.328244,0.966911,8.168574,normal
4122,-0.008057,0.109131,0.991211,1.091603,8.580153,1.572519,0.997233,8.791100,normal
4142,-0.050293,0.153320,1.008789,-4.007634,11.251908,1.687023,1.021612,12.062860,normal
4162,-0.091309,0.140625,0.979980,-12.007633,6.374046,1.687023,0.994220,13.698824,normal
4182,-0.059814,0.083496,0.952881,-9.679389,1.015267,0.274809,0.958400,9.736368,normal
4202,-0.008301,0.041016,0.956543,-6.167939,0.450382,0.923664,0.957458,6.252957,normal
4222,0.021240,0.114258,0.973633,-4.022901,4.351145,-0.236641,0.980544,5.930615,normal
4242,0.013428,0.148193,0.967285,-9.351145,10.129771,-0.923664,0.978663,13.816995,normal
4262,-0.037842,0.100342,0.949219,-12.251908,11.931297,-2.091603,0.955257,17.229042,normal
4282,-0.069092,0.110107,1.004639,-11.923664,6.137404,-1.923664,1.013013,13.547767,normal
4302,-0.040039,0.133301,0.990723,-17.267176,4.610687,-0.526718,1.000452,17.879911,normal
4322,-0.023193,0.008789,0.954102,-14.053435,4.007634,-0.534351,0.954424,14.623465,normal
4342,-0.020264,0.088379,0.983887,-9.366412,5.000000,-0.770992,0.988056,10.645379,normal
4362,-0.019287,0.106934,0.989014,-12.816793,7.946565,0.206107,0.994965,15.081796,normal
4382,-0.013916,0.059082,0.985840,-12.709924,9.931297,1.030534,0.987707,16.162760,normal
4402,-0.027344,0.078369,0.980469,-11.709924,11.824428,0.946565,0.983976,16.668394,normal
4422,-0.071289,0.085693,0.976807,-12.213740,11.511451,-0.969466,0.983146,16.811567,normal
4442,-0.113770,0.066650,0.981445,-12.129771,4.526718,-0.335878,0.990263,12.951268,normal
4462,-0.081299,0.076416,1.001709,-12.328244,-2.625954,1.122137,1.007904,12.654660,normal
4482,-0.011719,0.019043,0.987305,-8.763359,-3.000000,1.854962,0.987558,9.446552,normal
4502,-0.005615,0.072021,0.973877,-8.450381,5.549618,1.793893,0.976553,10.267680,normal
4522,-0.030273,0.060791,0.981934,-7.435114,6.297710,1.755725,0.984279,9.900740,normal
4542,-0.058838,0.089111,0.953369,-7.877862,7.778626,-0.648855,0.959331,11.090030,normal
4562,-0.110840,0.020752,0.981445,-5.541985,2.312977,-0.458015,0.987902,6.022726,normal
4582,-0.084961,0.014160,0.985840,-0.503817,-3.687023,-0.580153,0.989595,3.766238,normal
4602,-0.061768,0.062500,1.006348,2.793893,-3.412214,0.557252,1.010177,4.445174,normal
4622,0.001221,0.134521,1.020996,2.465649,-5.412214,2.381679,1.029821,6.406550,normal
4642,0.048340,0.114014,0.990479,-3.870229,3.732824,2.580153,0.998190,5.964046,normal
4662,-0.029053,0.134766,0.996582,-7.885496,11.076336,-2.083969,1.006072,13.755334,normal
4682,-0.085449,0.008301,1.002930,-7.977099,6.465649,0.885496,1.006597,10.306446,normal
4702,-0.033936,0.027588,1.007568,-1.290076,0.473282,3.335878,1.008517,3.607821,normal
4722,0.023438,0.108398,0.982422,-2.954198,10.648855,1.732824,0.988662,11.186067,normal
4742,-0.062988,0.140869,1.003174,-11.862596,16.305344,-4.106870,1.014973,20.577944,normal
4762,-0.163330,0.166504,1.039062,-21.587786,6.900764,-2.717557,1.064918,22.826260,normal
4782,-0.129883,0.029053,1.001221,-25.312977,-1.190840,-2.091603,1.010028,25.427145,normal
4802,-0.052002,-0.056641,0.960938,-14.885496,-2.221374,-4.641222,0.964009,15.749713,normal
4822,-0.003662,0.113281,0.952881,-14.908397,4.175572,-5.496183,0.959598,16.428747,normal
4842,-0.020264,0.055908,0.949707,-18.793894,15.687023,-7.664122,0.951567,25.652132,normal
4862,-0.137695,-0.016113,0.972656,-17.122137,15.664123,-8.374045,0.982487,24.670973,normal
4882,-0.153564,0.007080,0.989258,-11.862596,4.206107,-5.274809,1.001131,13.646835,normal
4902,-0.112061,0.065918,0.983887,-13.122137,-5.198473,-6.442748,0.992439,15.515270,normal
4922,-0.045166,0.021729,0.993164,-14.862596,-10.106871,-6.465649,0.994428,19.101053,normal
4942,0.027100,0.044922,0.973877,-16.358778,-5.000000,-5.389313,0.975289,17.934723,normal
4962,0.016602,0.031250,0.947021,-18.366413,2.641221,-4.290076,0.947682,19.044840,normal
4982,-0.032959,-0.025146,0.941895,-14.511451,4.755725,-3.076336,0.942806,15.577643,normal
5002,-0.052246,-0.023438,0.942139,-9.206107,1.664122,-2.671756,0.943877,9.729337,normal
5022,-0.038574,0.008301,0.927979,-8.465649,-2.580153,-0.687023,0.928817,8.876734,normal
5042,0.011230,-0.045654,0.911865,-5.572519,-2.793893,2.740458,0.913076,6.809473,normal
5062,0.019531,-0.062012,0.943848,1.221374,-0.259542,5.977099,0.946084,6.106131,normal
5082,0.006592,0.001465,0.976562,3.305344,1.816794,7.816794,0.976586,8.679188,normal
5102,-0.036865,0.075195,0.961914,-2.885496,4.297710,7.114504,0.965553,8.798441,normal
5122,-0.105225,0.018555,0.946289,-8.465649,0.259542,6.709924,0.952302,10.805445,normal
5142,-0.051270,-0.132080,0.857666,3.450382,-6.167939,1.229008,0.869290,7.173497,normal
5162,-0.084961,-0.004150,1.003418,17.572519,-5.709924,0.030534,1.007017,18.476948,normal
5182,0.012695,0.116943,1.009766,11.847328,2.038168,1.984733,1.016594,12.184108,normal
5202,-0.007568,0.100586,1.005371,1.015267,9.137404,3.404580,1.010419,9.803780,normal
5222,-0.040771,0.098145,1.023926,-10.015267,1.564885,10.603053,1.029426,14.668987,normal
5242,-0.044922,0.072754,0.922852,-15.832061,-2.335878,6.503817,0.926804,17.274551,normal
5262,-0.100098,-0.113037,0.988525,-5.580153,-7.419847,3.816794,0.999990,10.037936,normal
5282,-0.024902,-0.003418,1.007324,5.603054,-15.374045,6.656488,1.007638,17.665342,normal
5302,0.069824,0.129883,1.011719,-0.801527,-3.648855,6.908397,1.022409,7.853823,normal
5322,0.028809,0.122803,1.021240,-10.396947,11.908397,2.564885,1.029000,16.015150,normal
5342,-0.147949,0.072754,1.048828,-19.038168,10.320611,3.221374,1.061707,21.893929,normal
5362,-0.127930,0.009277,0.931152,-15.618320,-1.877863,2.274809,0.939945,15.894435,normal
5382,-0.065186,0.021729,0.974854,-13.946565,-8.938931,5.458015,0.977272,17.441362,normal
5402,0.029297,0.033936,0.973145,-6.381680,-3.625954,4.374046,0.974177,8.544334,normal
5422,0.052979,0.047363,0.967529,-12.580153,5.992366,6.877862,0.970136,15.539424,normal
5442,-0.010010,0.058838,0.989258,-14.007633,13.664123,2.320611,0.991057,19.705515,normal
5462,-0.141602,0.097168,1.007812,-27.213741,10.206107,2.755725,1.022340,29.194971,normal
5482,-0.181152,-0.064697,0.960449,-24.282442,-5.664122,0.961832,0.979523,24.952845,normal
5502,-0.112061,-0.024414,0.936523,-20.946566,-14.946565,4.488550,0.943520,26.120977,normal
5522,-0.035889,-0.011719,1.005371,-20.862595,-23.954199,12.671756,1.006080,34.199780,normal
5542,0.115723,0.053467,0.975342,-23.786259,-14.427481,13.297709,0.983637,30.834517,normal
5562,0.074951,-0.066162,0.931641,-22.595419,5.091603,9.053435,0.936990,24.868494,normal
5582,-0.060791,-0.060059,0.989258,-13.717557,7.984733,9.748092,0.992942,18.626663,normal
5602,-0.120850,0.024902,1.026855,-18.519083,-1.801527,14.007633,1.034242,23.289820,normal
5622,-0.108398,0.062012,1.034668,-29.465649,-17.977098,20.328245,1.042177,40.057934,normal
5642,0.039551,-0.087646,0.962402,-30.213741,-23.358778,20.549618,0.967194,43.368073,normal
5662,0.096680,-0.084961,0.954834,-27.709923,-7.122138,14.297709,0.963469,31.984201,normal
5682,-0.034180,-0.148193,0.959229,-18.793894,-0.038168,16.717558,0.971210,25.153303,normal
5702,-0.024414,-0.007812,0.954102,-7.206107,-10.114504,14.992367,0.954446,19.467979,normal
5722,0.079590,-0.004639,0.994873,-6.992366,-10.687023,8.557252,0.998062,15.373100,normal
5742,0.132812,-0.117188,0.976318,-7.450382,4.190840,6.198473,0.992255,10.558996,normal
5762,0.049561,-0.152100,0.958496,1.870229,15.618320,7.488550,0.971754,17.421482,normal
5782,-0.045654,-0.065918,0.962402,7.282443,11.030535,13.305344,0.965737,18.754702,normal
5802,0.014893,0.057617,0.992188,6.076336,-1.320611,21.511450,0.993971,22.392149,normal
5822,0.032227,0.068604,1.002686,-6.435114,5.412214,15.572519,1.005546,17.697630,normal
5842,-0.045898,-0.072266,1.045654,-15.267176,4.267176,17.664122,1.049153,23.734293,normal
5862,-0.009277,-0.044189,0.958740,-11.534351,-0.221374,18.129770,0.959803,21.489040,normal
5882,0.032959,-0.002441,0.969238,-12.442748,3.335878,16.328245,0.969802,20.798117,normal
5902,0.037109,-0.092529,0.950439,-13.259542,11.015267,17.022902,0.955654,24.226654,normal
5922,-0.041260,-0.093018,0.961426,-6.687023,15.030535,15.366412,0.966796,22.511328,normal
5942,-0.068604,-0.020508,0.996582,-5.251908,10.770992,16.595419,0.999151,20.469606,normal
5962,-0.042725,-0.096924,0.982422,-8.152672,7.236641,15.183207,0.988116,18.691303,normal
5982,-0.056641,-0.103027,0.974365,-2.725191,1.847328,15.893129,0.981433,16.230553,normal
6002,-0.048584,-0.019287,0.938477,-1.847328,-1.396947,15.297709,0.939931,15.472039,normal
6022,-0.016602,0.001221,1.015625,-6.114504,-4.748092,18.778625,1.015761,20.311777,normal
6042,0.058105,0.003662,1.036865,-15.809160,-0.167939,19.061069,1.038498,24.764534,normal
6062,0.034912,-0.076416,1.004150,-19.793894,7.931298,16.610687,1.007659,27.029959,normal
6082,-0.057617,-0.135010,0.984619,-12.458015,8.351145,16.732824,0.995501,22.470673,normal
6102,-0.097412,-0.001709,1.009766,-11.251908,-2.167939,16.862595,1.014455,20.387558,normal
6122,0.008545,-0.097900,1.000732,-12.564885,-6.786260,19.610687,1.005546,24.259197,normal
6142,0.078613,-0.085205,0.984863,-12.503817,3.412214,19.183207,0.991663,23.151329,normal
6162,0.025879,-0.071045,0.971191,-9.770992,10.763359,16.167938,0.974130,21.742228,normal
6182,-0.025879,-0.073730,0.965820,-10.274809,13.404580,16.160305,0.968976,23.375412,normal
6202,-0.070801,-0.132568,0.959473,-3.702290,8.038168,15.748092,0.971172,18.064371,normal
6222,-0.083496,-0.064453,1.038086,-6.488550,0.824427,18.526718,1.043431,19.647398,normal
6242,-0.001465,-0.077637,1.001953,-5.091603,-4.198473,20.931297,1.004958,21.947001,normal
6262,0.071289,-0.080322,0.963623,-5.160306,0.687023,22.595419,0.969589,23.187361,normal
6282,0.042969,-0.053955,0.956787,-6.557252,12.404580,21.648855,0.959270,25.798141,normal
6302,-0.027832,-0.015869,0.996338,-11.694656,14.664123,21.114504,0.996853,28.242233,normal
6322,-0.104004,-0.077637,0.980713,-14.809160,7.633588,19.870230,0.989263,25.930849,normal
6342,-0.099609,-0.003662,0.990967,-19.664122,-3.725191,18.213741,0.995967,27.060951,normal
6362,-0.052734,-0.105713,0.989258,-22.106871,-8.893129,19.396946,0.996287,30.725283,normal
6382,0.035156,-0.114990,0.942627,-15.488549,-2.679389,18.580153,0.950265,24.337139,normal
6402,0.004150,-0.095215,0.985352,-14.923664,5.099236,15.091603,0.989950,21.828295,normal
6422,-0.071289,-0.076172,1.049072,-19.702290,1.068702,14.389313,1.054247,24.420782,normal
6442,-0.062500,-0.214844,0.961182,-13.977099,-3.618321,15.442748,0.986881,21.140720,normal
6462,-0.047607,-0.129883,0.961426,-1.633588,-7.229008,13.152672,0.971327,15.097018,normal
6482,-0.011963,-0.154541,0.946045,0.847328,-5.007634,12.687023,0.958659,13.665831,normal
6502,-0.018066,-0.077393,1.039795,3.183206,-4.290076,11.099236,1.042828,12.317898,normal
6522,0.024414,-0.074219,1.003174,1.587786,-2.610687,9.877863,1.006212,10.339678,normal
6542,0.037598,-0.064453,0.934814,0.404580,1.770992,7.740458,0.937788,7.950773,normal
6562,0.004395,-0.016602,0.981445,-0.511450,6.267176,1.862595,0.981596,6.558074,normal
6582,-0.073242,-0.101318,1.037109,-6.931298,5.984733,4.465649,1.044617,10.188323,normal
6602,-0.124756,-0.128906,1.028809,-6.610687,-4.076336,11.389313,1.044331,13.785288,normal
6622,-0.006104,-0.042969,0.966797,-3.473282,-13.877863,11.572519,0.967771,18.400597,normal
6642,0.107178,-0.039551,0.928223,-3.526718,-5.083970,4.664122,0.935227,7.748453,normal
6662,0.076416,-0.104004,1.000977,-6.839694,9.320611,2.832061,1.009262,11.902763,normal
6682,-0.028076,-0.234619,1.012939,-3.312977,17.648855,8.702291,1.040135,19.954643,normal
6702,-0.156494,-0.093018,0.995361,1.083969,8.908397,15.519084,1.011873,17.926977,normal
6722,-0.095459,-0.045654,0.985840,-1.557252,-9.083969,16.580153,0.991502,18.969580,normal
6742,0.036621,-0.042725,1.002930,-4.305344,-11.877863,12.625955,1.004507,17.861532,normal
6762,0.102051,-0.078369,0.935059,-3.572519,1.343511,9.206107,0.943870,9.965959,normal
6782,-0.004639,-0.049805,0.974121,-4.770992,9.694656,8.534351,0.975405,13.768946,normal
6802,-0.062500,-0.054443,0.992188,-5.366412,4.213740,10.687023,0.995644,12.679371,normal
6822,-0.019287,-0.058838,0.994873,-8.824428,-1.114504,12.748092,0.996798,15.544339,normal
6842,0.006836,-0.110840,0.987305,-11.687023,2.687023,13.145039,0.993530,17.793219,normal
6862,-0.001465,-0.100342,0.975586,-6.122138,5.000000,12.351145,0.980734,14.663947,normal
6882,-0.020752,-0.077148,0.940918,-4.236641,4.633588,11.549619,0.944304,13.145834,normal
6902,-0.057861,-0.043457,0.974609,-4.404580,2.297710,10.572519,0.977292,11.681522,normal
6922,-0.027832,-0.075928,1.000488,-9.732824,-1.580153,13.488549,1.003751,16.708252,normal
6942,0.000732,-0.090820,0.991211,-7.419847,-0.114504,14.526717,0.995363,16.312351,normal
6962,-0.004150,-0.093262,0.955566,-6.190840,4.610687,14.625955,0.960116,16.537941,normal
6982,-0.063721,-0.092041,0.964355,-4.068702,2.641221,15.167939,0.970831,15.924722,normal
7002,-0.027588,-0.034668,1.008545,-6.809160,-2.251908,19.419847,1.009518,20.701841,normal
7022,0.029785,-0.078369,0.997803,-11.511451,-0.282443,21.679390,1.001319,24.547693,normal
7042,0.014160,-0.119629,0.979004,-10.419847,6.488550,20.778625,0.986387,24.133499,normal
7062,-0.045898,-0.033936,0.959961,-7.671756,4.625954,21.862595,0.961657,23.626856,normal
7082,-0.023682,-0.048340,0.985352,-10.259542,-1.183206,20.404581,0.986821,22.869305,normal
7102,0.030518,-0.098877,0.950928,-14.259542,3.564885,18.167938,0.956541,23.369144,normal
7122,-0.026855,-0.133789,0.974121,-10.488549,11.519084,15.183207,0.983632,21.753820,normal
7142,-0.123291,-0.140625,0.982422,-7.236641,7.564886,16.992367,1.000064,19.958382,normal
7162,-0.131348,-0.061035,1.005615,-6.656488,-8.671756,16.679390,1.015992,19.942675,normal
7182,0.011230,-0.119629,0.987793,-4.725191,-12.610687,16.458015,0.995074,21.265539,normal
7202,0.078613,-0.169922,0.979736,-0.305344,-0.137405,19.274809,0.997465,19.277718,normal
7222,0.010742,-0.022705,1.016846,-1.541985,8.015267,19.816793,1.017156,21.431927,normal
7242,-0.013184,-0.029541,1.001709,-9.427481,4.877862,21.229008,1.002231,23.734821,normal
7262,0.013916,-0.101562,1.009766,-13.083969,4.320611,21.641222,1.014956,25.655416,normal
7282,-0.028564,-0.137695,0.964355,-11.610687,7.664122,18.435114,0.974555,23.095459,normal
7302,-0.108154,-0.110840,0.979492,-7.122138,1.503817,18.374046,0.991659,19.763397,normal
7322,-0.094727,-0.024902,0.994873,-5.343512,-15.229008,17.328245,0.999683,23.680031,normal
7342,0.056641,-0.068115,0.943848,-9.664123,-15.297709,17.129770,0.947996,24.916744,normal
7362,0.079590,-0.115479,0.986816,-9.221375,0.816794,15.190840,0.996733,17.789394,normal
7382,0.015869,-0.074463,1.010986,-8.648855,7.541985,16.824427,1.013849,20.365303,normal
7402,0.003174,-0.135742,0.977051,-7.045802,10.526717,17.488550,0.986440,21.594086,normal
7422,-0.038818,-0.079102,1.008789,-4.992366,11.870229,15.358779,1.012630,20.042908,normal
7442,-0.050293,-0.069092,0.985596,-8.335877,10.389313,14.244275,0.989294,19.501898,normal
7462,-0.077393,-0.095947,1.024658,-10.961832,6.381680,12.541985,1.032046,17.837852,normal
7482,-0.047119,-0.095459,0.987061,-11.274809,0.740458,12.992367,0.992785,17.218338,normal
7502,0.003418,-0.131836,0.962402,-9.748092,4.755725,17.877863,0.971396,20.910767,normal
7522,-0.046387,-0.231934,0.983887,-5.923664,11.824428,20.473282,1.011918,24.373390,normal
7542,-0.147949,-0.149902,1.050049,-3.618321,0.503817,24.030535,1.070963,24.306639,normal
7562,-0.015137,-0.020508,1.091797,1.656489,-16.244274,15.977099,1.092094,22.844870,normal
7582,0.231934,0.058594,0.896484,-21.534351,0.809160,18.618320,0.927853,28.478498,normal
7602,0.114258,-0.135742,0.945312,-27.427481,35.419846,16.832062,0.961819,47.855515,normal
7622,-0.178467,-0.256592,1.018066,-20.709923,35.496181,21.061069,1.064964,46.178440,normal
7642,-0.266357,-0.183105,1.012939,-6.183206,9.450381,24.190840,1.063259,26.697163,normal
7662,-0.121826,-0.067871,0.972412,-3.068702,-13.656488,22.259542,0.982361,26.294559,normal
7682,0.059326,0.020996,0.933350,-11.221375,-9.076336,19.816793,0.935469,24.515390,normal
7702,0.071777,-0.128418,0.955566,-24.190840,13.435115,23.129770,0.966825,36.065014,normal
7722,-0.077148,-0.269287,1.004883,-15.083969,21.526718,25.076336,1.043195,36.328339,normal
7742,-0.210205,-0.167969,0.982666,0.496183,8.366412,22.305344,1.018839,23.827955,normal
7762,-0.196533,0.020996,0.975586,-4.908397,-12.076336,21.687023,0.995406,25.303305,normal
7782,-0.016113,-0.056885,0.988281,-14.358779,-21.160305,20.412214,0.990048,32.719894,normal
7802,0.126953,-0.180908,0.952881,-10.297709,-6.427481,15.992367,0.978175,20.077627,normal
7822,0.004883,-0.162109,0.930908,-0.916031,13.625955,12.305344,0.944930,18.382797,normal
7842,-0.179199,0.030273,0.988281,-4.648855,4.221374,9.221375,1.004853,11.156415,normal
7862,-0.105225,0.000000,1.043945,-19.236641,-16.427481,13.587787,1.049235,28.714777,normal
7882,0.159912,-0.227783,1.004639,-21.755726,-7.709924,16.099237,1.042476,28.141428,normal
7902,0.171143,-0.232422,0.956787,-3.671756,21.000000,8.526717,0.999375,22.960546,normal
7922,-0.098389,-0.113770,0.943604,0.778626,31.427481,-0.106870,0.955516,31.437305,normal
7942,-0.312744,-0.080811,0.979492,-5.328244,10.564885,0.267176,1.031380,11.835471,normal
7962,-0.256104,-0.190674,1.024658,-7.068702,-21.229008,8.656488,1.073252,23.991085,normal
7982,0.023682,-0.146973,0.998291,-5.335878,-27.885496,17.984734,1.009330,33.608379,normal
8002,0.195801,-0.108154,0.931641,-11.137404,2.221374,24.870230,0.958118,27.340530,normal
8022,0.021484,-0.193115,0.905762,-10.274809,32.221375,24.854961,0.926369,41.970913,normal
8042,-0.299805,-0.087402,0.955811,-8.549619,19.854961,20.725191,1.005533,29.947437,normal
8062,-0.351074,-0.072998,1.011719,-12.030535,-18.916031,19.824427,1.073386,29.925873,normal
8082,-0.100586,-0.172607,0.972656,-12.419847,-40.305344,24.488550,0.992961,48.769482,normal
8102,0.094482,-0.219727,0.935547,-7.091603,-26.824427,27.351145,0.965637,38.960567,normal
8122,0.078613,-0.137695,0.960938,-5.809160,-5.083970,27.679390,0.973931,28.735722,normal
8142,-0.068848,-0.105469,0.975586,-8.190840,-1.320611,26.885496,0.983683,28.136520,normal
8162,-0.114502,-0.083008,1.000732,-12.931297,-13.931297,28.893129,1.010676,34.584858,normal
8182,-0.015381,-0.219971,0.987793,-12.740458,-17.694656,30.526718,1.012106,37.514008,normal
8202,-0.004883,-0.256836,0.948730,-3.519084,-10.160305,33.106869,0.982893,34.809200,normal
8222,-0.067627,-0.090820,1.004395,1.679389,-11.603053,35.480915,1.010757,37.367722,normal
8242,-0.019775,-0.001953,0.990967,-2.358779,-19.801527,25.656488,0.991166,32.494919,normal
8262,0.072754,-0.073242,0.954102,-9.412213,-13.557252,15.648855,0.959670,22.743692,normal
8282,0.075439,-0.170410,1.007324,-11.145039,-3.793893,14.847328,1.024418,18.948580,normal
8302,0.081299,-0.121338,1.060791,-7.000000,-0.763359,11.816793,1.070799,13.755702,normal
8322,0.168945,-0.132812,0.991699,-10.610687,13.160305,20.129770,1.014716,26.286650,normal
8342,0.092529,-0.159424,0.977295,-16.931297,36.732826,25.595419,0.994527,47.865383,normal
8362,-0.128662,-0.183594,1.001953,-9.152672,37.816795,20.671755,1.026728,44.059082,normal
8382,-0.214111,-0.073486,0.970459,3.412214,17.580153,11.022901,0.996511,21.028772,normal
8402,-0.170410,0.003418,0.891357,-2.480916,-1.465649,0.809160,0.907507,2.992960,normal
8422,-0.109131,-0.135742,0.948730,-9.832061,-10.496183,-1.129771,0.964585,14.426215,normal
8442,0.002441,-0.186523,1.021729,-5.145038,-15.603053,0.427481,1.038617,16.435005,normal
8462,0.108887,-0.103027,0.985352,-0.549618,-6.679389,-7.526718,0.996689,10.078085,normal
8482,0.094727,-0.036621,0.954834,-6.351145,9.923664,-14.068703,0.960220,18.350601,normal
8502,-0.044189,-0.168457,0.953125,-17.068703,22.679390,-7.435114,0.968905,29.342398,normal
8522,-0.161865,-0.271484,1.020020,-6.450382,12.427481,-7.885496,1.067869,16.069559,normal
8542,-0.129395,-0.131592,1.003174,3.732824,-7.244275,-14.366412,1.020008,16.516878,normal
8562,0.008545,-0.108398,1.025146,4.938931,-14.763359,-23.702290,1.030897,28.357510,normal
8582,0.135254,-0.164795,0.981201,9.564885,-4.511450,-29.992367,1.004095,31.802237,normal
8602,0.113770,-0.084961,0.937988,5.366412,15.900764,-24.885496,0.948675,30.015339,normal
8622,-0.050293,-0.107422,0.982422,-1.022901,24.053434,-25.900763,0.989556,35.361893,normal
8642,-0.154541,-0.124023,1.010010,10.351145,8.572519,-38.343510,1.029264,40.630764,normal
8662,-0.110840,-0.103271,1.000000,17.145039,-8.320611,-52.152672,1.011410,55.525543,normal
8682,-0.037109,-0.113037,0.925781,19.572519,-13.160305,-61.801525,0.933395,66.149117,normal
8702,-0.080566,-0.034180,0.985352,12.526717,-9.916031,-57.496181,0.989230,59.674595,normal
8722,-0.016602,-0.038574,1.061523,-3.038168,-15.351145,-45.152672,1.062354,47.787571,normal
8742,0.204102,-0.143066,1.043213,-1.984733,-7.083970,-49.610687,1.072576,50.153187,normal
8762,0.222900,-0.169434,0.981934,12.290076,21.709923,-65.236641,1.021071,69.844009,normal
8782,-0.005371,-0.000488,0.902588,19.374046,35.770992,-79.366409,0.902604,89.184891,normal
8802,-0.232910,0.060791,0.849121,-0.137405,25.435114,-78.748093,0.882581,82.754013,normal
8822,-0.372070,-0.215820,1.044434,-18.412214,-7.702290,-60.816795,1.129538,64.007950,normal
8842,-0.140137,-0.353271,1.133545,2.206107,-44.145039,-44.984734,1.195560,63.065662,normal
8862,0.317627,-0.126221,1.027588,15.564885,-32.809162,-40.473282,1.082938,54.376404,normal
8882,0.417480,-0.006104,0.895752,11.610687,22.977098,-49.473282,0.988281,55.770611,normal
8902,0.082764,0.058594,0.875732,-3.221374,58.694656,-58.923664,0.881584,83.231232,normal
8922,-0.322266,-0.169678,0.922363,-18.992367,51.083969,-58.916031,0.991665,80.258217,normal
8942,-0.537842,-0.385254,1.065430,-4.954198,1.267176,-45.610687,1.254127,45.896454,normal
8962,-0.296143,-0.218750,1.083740,17.007633,-52.587788,-34.244274,1.144572,65.018501,normal
8982,0.228271,0.080078,0.957031,11.709924,-53.755726,-33.541985,0.987132,64.434967,normal
9002,0.466309,0.022461,0.811035,-7.015267,4.412214,-41.122139,0.935802,41.948921,normal
9022,0.054932,-0.194092,0.840088,-18.183207,57.389313,-44.580154,0.863966,74.910294,normal
9042,-0.519531,-0.234131,1.025146,-6.839694,30.931297,-40.580154,1.172883,51.480827,normal
9062,-0.474121,0.019531,1.102295,-1.099237,-47.992367,-31.801527,1.200094,57.583096,normal
9082,0.172607,0.083496,0.991211,-21.763359,-75.145035,-30.396946,1.009586,83.930885,normal
9102,0.551025,-0.288330,0.902832,-16.511450,-18.809160,-43.938931,1.096298,50.567204,normal
9122,0.205078,-0.317383,0.969971,2.297710,37.213741,-51.229008,1.040976,63.360500,normal
9142,-0.283447,-0.277832,1.078857,12.106871,28.465649,-37.045803,1.149550,48.262417,normal
9162,-0.308350,-0.040283,1.100830,19.160305,-26.633587,-28.381680,1.143910,43.381851,normal
9182,0.185547,0.067871,0.949463,7.106870,-48.366413,-28.198473,0.969801,56.435551,normal
9202,0.403076,-0.062988,0.874023,-5.114504,-2.198473,-32.099236,0.964549,32.578403,normal
9222,0.081299,-0.181152,0.975342,-3.221374,35.137405,-32.000000,0.995348,47.634174,normal
9242,-0.188721,-0.139893,1.051758,3.488550,18.229008,-28.183207,1.077673,33.745518,normal
9262,-0.150391,-0.161865,1.004639,15.511451,-14.137404,-33.946564,1.028648,39.910404,normal
9282,0.018555,0.001465,0.983154,24.503817,-31.694656,-42.229008,0.983330,58.208912,normal
9302,0.243896,0.204834,0.909424,6.351145,-22.625954,-44.496181,0.963584,50.320782,normal
9322,0.260986,-0.018066,0.958984,-18.633587,10.992367,-39.549618,0.994028,45.080093,normal
9342,0.028320,-0.203125,1.034668,-10.770992,24.351145,-37.748093,1.054798,46.194275,normal
9362,-0.092285,-0.031982,1.063477,-0.687023,4.717557,-35.038166,1.067952,35.361000,normal
9382,0.051025,-0.004150,0.942383,-1.977099,-10.053435,-38.351147,0.943772,39.696232,normal
9402,0.144531,-0.010254,0.918213,-3.854962,-1.664122,-42.076336,0.929575,42.285316,normal
9422,0.087891,0.012207,1.000732,-8.076336,6.412214,-42.786259,1.004659,44.011448,normal
9442,0.083984,-0.073486,1.030273,-11.290076,4.687023,-38.824429,1.036300,40.703442,normal
9462,0.136719,-0.056641,0.979492,-7.625954,8.183207,-34.893131,0.990608,36.642197,normal
9482,0.097900,-0.340576,0.982666,3.045802,22.396946,-33.099236,1.044610,40.080662,normal
9502,-0.099854,0.028076,0.986328,12.083969,20.190840,-32.572517,0.991767,40.182846,normal
9522,-0.089600,-0.053223,0.960205,-3.251908,-1.335878,-24.656488,0.965844,24.905861,normal
9542,0.031738,-0.159668,0.952881,6.717557,-2.664122,-22.183207,0.966687,23.330620,normal
9562,0.056885,0.000732,0.986084,5.465649,-1.068702,-26.366413,0.987724,26.948158,normal
9582,0.107666,0.027100,0.975098,5.190840,5.549618,-30.961832,0.981398,31.880686,normal
9602,0.087158,0.048340,0.978027,-9.007633,18.198473,-30.725191,0.983092,36.828781,normal
9622,-0.062500,-0.124268,1.007812,-17.625954,23.496183,-30.961832,1.017367,42.677628,normal
9642,-0.112793,-0.221436,1.011963,-9.038168,7.778626,-29.847328,1.042029,32.141228,normal
9662,0.006836,-0.147705,0.985352,2.053435,0.480916,-19.061069,0.996384,19.177389,normal
9682,0.162842,-0.162109,0.969727,12.503817,11.030535,-27.450382,0.996577,32.117622,normal
9702,0.039551,-0.235840,0.923828,20.893129,25.114504,-37.709923,0.954276,49.892879,normal
9722,-0.188965,-0.106201,1.026123,31.290077,7.694656,-34.755726,1.048768,47.394482,normal
9742,-0.067383,-0.065430,1.017334,34.748093,-15.404580,-29.969465,1.021660,48.403511,normal
9762,-0.011963,-0.011475,1.060547,43.106869,-10.305344,-38.908398,1.060676,58.976822,normal
9782,0.241211,0.015869,1.010742,34.625954,-3.984733,-23.770992,1.039247,42.188801,normal
9802,0.265381,-0.010986,0.983887,22.206106,22.167938,-24.229008,1.019108,39.643078,normal
9822,0.110840,0.262451,0.968994,8.778625,33.572517,-29.984734,1.010008,45.861336,normal
9842,-0.085938,0.122070,1.019287,-9.641221,25.832062,-31.061069,1.030161,41.533585,normal
9862,-0.073730,-0.201904,1.002686,-1.061069,15.236641,-29.343512,1.025466,33.080551,normal
9882,-0.020508,-0.055664,0.984863,10.938931,10.236641,-23.687023,0.986648,28.027203,normal
9902,-0.023682,0.111084,1.002441,15.198473,8.488549,-25.305344,1.008855,30.714972,normal
9922,0.029053,0.179443,0.956055,1.442748,2.496183,-19.526718,0.973183,19.738419,normal
9942,0.011230,-0.005859,0.970459,-2.442748,10.564885,-26.687023,0.970542,28.805920,normal
9962,-0.092529,0.003418,0.990479,3.740458,3.374046,-28.793894,0.994797,29.231207,normal
9982,-0.074951,0.084473,0.998047,4.847328,-5.580153,-29.000000,1.004416,29.927156,normal
10002,-0.060547,0.034912,1.014648,4.763359,-6.916030,-33.099236,1.017053,34.147923,normal
10022,0.006592,0.173584,1.067383,-6.282443,-21.877863,-26.030535,1.081425,34.578876,normal
10042,0.151611,0.125977,0.958496,-17.763359,-9.358779,-26.427481,0.978556,33.189388,normal
10062,0.050293,0.017334,0.897949,-15.305344,10.511451,-34.274811,0.899524,38.980854,normal
10082,-0.133057,-0.038574,1.053223,-6.343512,4.061069,-32.793892,1.062295,33.647758,normal
10102,-0.027588,0.078369,0.996582,0.946565,-5.893130,-33.007633,1.000039,33.542942,normal
10122,-0.017334,0.105713,0.967041,-3.534351,-0.366412,-38.122139,0.972956,38.287380,normal
10142,-0.051025,0.032959,0.960693,-4.412214,-3.877863,-38.847328,0.962612,39.288933,normal
10162,0.035645,0.040527,0.977539,-1.786260,-20.320610,-24.587786,0.979028,31.948038,normal
10182,0.109375,0.038818,1.030762,-3.068702,-9.442748,-21.541985,1.037275,23.720024,normal
10202,0.082275,0.095947,1.018066,-9.076336,2.282443,-19.480917,1.025882,21.612394,normal
10222,0.030762,0.046387,0.926514,-11.519084,13.190840,-22.229008,0.928184,28.298698,normal
10242,-0.102051,-0.065918,0.986328,0.496183,11.106871,-26.679390,0.993782,28.903263,normal
10262,-0.104248,0.012695,1.005371,8.412213,-2.366412,-28.641222,1.010841,29.944696,normal
10282,0.024902,0.053467,1.009766,9.015267,-7.473282,-28.931297,1.011487,31.211296,normal
10302,0.030273,0.082520,1.021973,1.221374,-1.458015,-26.564886,1.025746,26.632889,normal
10322,-0.012939,0.208252,0.963623,-5.854962,2.687023,-30.519083,0.985954,31.191587,normal
10342,-0.078857,-0.039551,1.005859,-5.900764,-5.427481,-31.877863,1.009721,32.870575,normal
10362,0.000244,-0.152832,1.024658,3.129771,-10.648855,-31.236641,1.035993,33.149982,normal
10382,0.062500,0.210693,1.009033,3.587786,-1.763359,-26.473282,1.032689,26.773424,normal
10402,0.080811,0.131836,0.994385,-0.183206,8.244275,-27.954199,1.006336,29.145136,normal
10422,-0.028320,0.131592,0.955566,4.847328,24.549618,-37.229008,0.965000,44.857323,normal
10442,-0.077637,-0.072998,0.986084,15.732824,6.480916,-29.290077,0.991825,33.873775,normal
10462,-0.117920,-0.055176,1.047363,12.015267,-4.106870,-33.496181,1.055424,35.822159,normal
10482,-0.041260,0.139893,1.021729,8.625955,-15.022901,-29.633587,1.032086,34.325562,normal
10502,0.083252,0.257080,0.994385,1.770992,-7.717557,-32.801525,1.030448,33.743698,normal
10522,0.157715,0.183105,1.002930,-10.007633,-0.175573,-21.175573,1.031634,23.421965,normal
10542,0.102051,-0.021973,0.936523,-7.587786,19.809160,-24.946566,0.942323,32.746120,normal
10562,-0.074707,0.047852,0.964111,-0.526718,21.267176,-29.015266,0.968185,35.978546,normal
10582,-0.212891,0.073975,1.027100,3.641221,4.648855,-34.847328,1.051536,35.344116,normal
10602,-0.094238,0.037109,1.017822,2.114504,-19.305344,-29.870230,1.022849,35.628613,normal
10622,0.093262,0.078613,0.953857,3.946565,-18.091602,-29.564886,0.961625,34.885010,normal
10642,0.197998,0.108887,0.937500,3.732824,2.679389,-28.893129,0.964347,29.256214,normal
10662,0.026367,0.069824,0.999023,-5.083970,21.763359,-29.969465,1.001808,37.385284,normal
10682,-0.146240,0.035645,0.976807,-2.404580,14.389313,-29.534351,0.988336,32.941040,normal
10702,-0.179199,0.037598,0.992188,4.526718,-5.877862,-30.519083,1.008941,31.407879,normal
10722,-0.036377,0.047119,0.981934,5.519084,-18.709923,-27.374046,0.983736,33.613392,normal
10742,0.076172,0.048096,0.949463,11.152672,-11.740458,-29.580153,0.953727,33.722481,normal
10762,0.080811,0.256836,1.024414,0.396947,2.335878,-29.832062,1.059207,29.926004,normal
10782,-0.000488,0.108887,0.998291,-6.740458,14.351145,-38.748093,1.004212,41.866501,normal
10802,-0.043213,0.216797,0.960449,-14.671756,11.610687,-51.259541,0.985561,54.567471,normal
10822,-0.102051,0.125732,1.054443,-19.839695,5.977099,-55.381680,1.066805,59.130951,normal
10842,-0.025635,0.100830,1.028076,-28.351145,-7.251908,-44.061069,1.033327,52.893814,normal
10862,0.072266,0.065186,0.970703,-26.992367,-0.694656,-42.106869,0.975570,50.020584,normal
10882,0.015869,0.063721,1.016846,-31.175573,7.160306,-39.885498,1.018964,51.127678,normal
10902,-0.002441,-0.024414,0.965332,-29.221375,12.458015,-40.412212,0.965644,51.402702,normal
10922,-0.050537,-0.084717,0.962402,-18.145039,12.732824,-41.007633,0.967445,46.615376,normal
10942,-0.060059,-0.075928,0.948486,-2.687023,7.587786,-33.610687,0.953414,34.561146,normal
10962,0.018066,0.020752,0.968506,-0.335878,8.091603,-26.251909,0.968897,27.472706,normal
10982,0.050293,-0.101562,0.972412,5.366412,17.740458,-19.740458,0.978994,27.077812,normal
11002,0.008057,-0.043457,0.976807,16.984734,26.916031,-20.137405,0.977806,37.662567,normal
11022,-0.108398,0.073242,0.933350,15.458015,28.274809,-20.793894,0.942473,38.351025,normal
11042,-0.213867,0.154785,0.930908,12.244275,12.725191,-24.793894,0.967620,30.439939,normal
11062,-0.181641,0.057617,0.970703,9.465649,-7.877862,-25.198473,0.989231,28.046787,normal
11082,-0.028564,0.047119,0.980957,5.442748,-11.938931,-22.923664,0.982503,26.413179,normal
11102,0.054932,0.108887,0.933105,5.137404,-2.198473,-22.541985,0.941042,23.224283,normal
11122,0.064941,0.067139,0.908447,6.412214,13.931297,-25.610687,0.913237,29.851379,normal
11142,-0.071289,0.131592,0.961182,6.038168,20.221375,-29.984734,0.972763,36.666710,normal
11162,-0.222168,0.142090,1.011963,-0.786260,9.213740,-32.083969,1.045761,33.390003,normal
11182,-0.167236,0.003906,1.017822,-3.900763,-10.099236,-28.061069,1.031477,30.077137,normal
11202,-0.030029,-0.041016,0.954346,6.969466,-11.167939,-28.793894,0.955699,31.660460,normal
11222,-0.034668,0.128418,0.931885,9.526717,-2.061069,-36.496181,0.941330,37.775356,normal
11242,-0.116943,0.125244,1.058594,0.312977,-7.328244,-33.679390,1.072372,34.468861,normal
11262,-0.030029,0.128906,1.022705,-14.389313,-11.320611,-26.076336,1.031234,31.861950,normal
11282,-0.035889,0.097656,0.992676,-19.740458,-7.381680,-28.870230,0.998113,35.744442,normal
11302,-0.122803,0.056641,0.998291,-19.152672,-11.068703,-33.358780,1.007409,40.026855,normal
11322,-0.064941,-0.116699,1.005371,-11.442748,-20.450382,-28.916031,1.014203,37.219505,normal
11342,0.062256,-0.015137,0.947510,0.694656,-11.717557,-25.694656,0.949673,28.248878,normal
11362,0.045410,0.083252,0.938232,3.557252,4.664122,-29.564886,0.943013,30.141178,normal
11382,-0.088867,0.046387,0.982422,2.114504,5.648855,-28.312977,0.987523,28.948322,normal
11402,-0.125000,0.033447,1.017578,-0.022901,-6.076336,-22.534351,1.025772,23.339224,normal
11422,-0.033203,0.081299,0.950684,-5.801527,-9.450381,-21.618320,0.954731,24.296486,normal
11442,0.004150,0.094482,0.975586,-12.076336,-10.656488,-18.312977,0.980159,24.387779,normal
11462,0.010498,0.144531,0.990723,-17.458015,-8.229008,-15.671756,1.001265,24.861673,normal
11482,0.032959,0.077881,0.986084,-25.977098,-4.343512,-7.847328,0.989704,27.481926,normal
11502,0.026855,-0.107910,0.988770,-25.396946,3.480916,-0.847328,0.995003,25.648384,normal
11522,-0.024658,-0.065918,1.011230,-20.099237,5.396946,4.183206,1.013677,21.227472,normal
11542,-0.033447,-0.071533,0.979004,-13.251908,5.312977,9.061069,0.982183,16.909872,normal
11562,-0.046875,-0.057129,0.966797,-1.412214,5.564886,7.618320,0.969617,9.539450,normal
11582,-0.075928,0.025391,0.994385,6.641222,1.419847,6.900764,0.997603,9.682062,normal
11602,-0.022705,0.010986,1.018066,5.755725,-1.282443,10.282443,1.018379,11.853340,normal
11622,0.049072,0.046387,1.000244,0.770992,2.366412,14.312977,1.002521,14.527755,normal
11642,0.045654,0.058105,0.952881,-2.236641,14.221375,12.297709,0.955742,18.933666,normal
11662,-0.099609,0.053467,0.967041,-5.099236,15.206107,7.465649,0.973627,17.690783,normal
11682,-0.175049,-0.019043,0.989258,-0.458015,-0.366412,6.603054,1.004806,6.629054,normal
11702,-0.082764,0.027344,1.005615,3.946565,-16.320610,10.068703,1.009386,19.578470,normal
11722,0.108643,0.104980,0.987549,0.114504,-10.053435,12.328244,0.999038,15.908183,normal
11742,0.087891,0.116211,1.000000,-12.702291,10.977099,14.122137,1.010559,21.938087,normal
11762,-0.059814,0.069092,1.015625,-20.961832,16.358778,17.412214,1.019728,31.783537,normal
11782,-0.125488,-0.001221,0.990479,-17.847328,7.572519,18.893129,0.998397,27.070658,normal
11802,-0.092041,0.013672,0.987305,-15.541985,-3.442748,23.702290,0.991680,28.551785,normal
11822,-0.001221,0.020020,1.004639,-18.809160,-3.801527,31.389313,1.004839,36.790283,normal
11842,0.027100,0.006104,1.017090,-21.267176,4.938931,33.496181,1.017469,39.983498,normal
11862,0.047119,-0.048096,0.989502,-17.274809,12.297709,37.671757,0.991790,43.229782,normal
11882,0.067383,-0.060303,0.930420,-6.557252,25.541985,35.160305,0.934804,43.950401,normal
11902,-0.032959,0.091553,0.987061,-2.816794,28.145039,34.099236,0.991845,44.303898,normal
11922,-0.118652,0.081055,0.991211,-13.076336,23.458015,33.267174,1.001572,42.754810,normal
11942,-0.167236,0.059326,1.009521,-16.770992,10.091603,34.732826,1.024998,39.868233,normal
11962,-0.071289,0.024658,0.979980,-16.694656,0.587786,35.908398,0.982879,39.603912,normal
11982,0.024902,-0.001465,0.958252,-15.549619,7.992366,33.900764,0.958577,38.143551,normal
12002,-0.021973,0.011963,0.942383,-13.450381,16.480917,32.343510,0.942715,38.712219,normal
12022,-0.138672,0.022217,0.936523,-11.748092,13.664123,29.564886,0.946995,34.623814,normal
12042,-0.222656,0.073975,0.993408,-11.648855,-2.847328,27.030535,1.020739,29.571150,normal
12062,-0.124268,0.100342,1.022461,-22.305344,-19.473282,34.442749,1.034861,45.420700,normal
12082,0.074463,-0.054199,0.955078,-27.419847,-9.809160,36.664124,0.959508,46.822277,normal
12102,-0.005371,-0.021240,0.943359,-21.763359,2.526718,31.366413,0.943614,38.260685,normal
12122,-0.127441,0.012207,1.018311,-19.702290,-1.015267,27.793894,1.026327,34.083889,normal
12142,-0.130371,0.065674,1.115479,-27.351145,-14.282443,29.610687,1.124990,42.765244,normal
12162,0.027832,-0.053223,0.970459,-29.931297,-10.702291,37.305344,0.972316,49.011330,normal
12182,0.085938,-0.103027,0.950928,-25.931297,11.473283,35.351147,0.960346,45.318562,normal
12202,-0.051758,-0.057861,0.967529,-22.229008,18.809160,35.618320,0.970639,46.006283,normal
12222,-0.173584,-0.039551,0.960449,-18.961832,9.519084,31.748091,0.976810,38.185146,normal
12242,-0.194580,-0.082520,0.980469,-14.427481,-9.824428,28.786259,1.002990,33.664822,normal
12262,-0.065186,-0.105713,1.001709,-6.580153,-19.511450,28.564886,1.009379,35.212891,normal
12282,0.081787,-0.058105,1.000488,-3.893130,-9.450381,30.671755,1.005506,32.329903,normal
12302,0.137939,-0.044434,0.947021,-3.496183,10.725191,31.847328,0.958046,33.786171,normal
12322,0.003906,-0.051514,0.915527,-4.213740,27.656488,30.603054,0.916984,41.463043,normal
12342,-0.176025,-0.033691,0.939941,-0.580153,13.778625,27.038168,0.956875,30.352095,normal
12362,-0.197510,-0.072510,1.018311,4.496183,-7.748092,24.091602,1.039819,25.703188,normal
12382,-0.053467,-0.082764,0.992432,9.267176,-19.396946,24.770992,0.997311,32.798233,normal
12402,0.141846,-0.059814,0.979248,12.549619,-5.213740,27.786259,0.991274,30.931412,normal
12422,0.139404,0.002441,0.964844,10.778625,23.877863,26.595419,0.974866,37.331589,normal
12442,-0.048828,0.102295,0.990479,6.908397,36.412212,21.625954,0.996943,42.909870,normal
12462,-0.194580,0.084473,1.001709,-5.038168,26.778625,23.045801,1.023923,35.687351,normal
12482,-0.233398,-0.013184,0.982910,-8.366412,5.053435,24.000000,1.010327,25.913975,normal
12502,-0.189209,-0.018066,0.981201,-6.244275,-12.091603,23.977098,0.999441,27.569895,normal
12522,-0.068359,0.046387,1.015625,-10.351145,-21.343512,28.938931,1.018979,37.418621,normal
12542,0.029785,0.020752,1.005127,-16.435114,-14.732824,33.496181,1.005782,40.114376,normal
12562,0.125488,-0.026855,0.949463,-19.847328,2.435115,41.213741,0.958096,45.808502,normal
12582,0.020752,-0.062744,0.971436,-13.198473,24.236641,40.755726,0.973681,49.220356,normal
12602,-0.132324,-0.080322,1.003906,-11.328244,21.190840,44.832062,1.015770,50.865456,normal
12622,-0.164307,-0.038330,0.970947,-10.832061,7.885496,47.175571,0.985497,49.041298,normal
12642,-0.121826,0.020996,0.935303,-11.931297,-0.541985,45.236641,0.943437,46.786785,normal
12662,-0.162598,-0.113037,0.931396,-3.076336,-2.984733,35.030533,0.952216,35.291794,normal
12682,-0.142334,-0.070801,0.941406,6.908397,-19.755726,31.824427,0.954734,38.089485,normal
12702,-0.023438,0.034912,0.998047,11.870229,-21.862595,26.053434,0.998932,36.023003,normal
12722,0.066162,0.148438,1.049316,-2.122137,-15.488549,29.679390,1.061827,33.544968,normal
12742,0.133789,0.025635,0.958496,-12.595420,4.152672,31.862595,0.968128,34.512524,normal
12762,-0.038574,-0.003906,0.975586,-12.435115,17.374046,26.763359,0.976356,34.245686,normal
12782,-0.165771,-0.036621,0.984863,-10.099236,6.740458,27.458015,0.999388,30.022840,normal
12802,-0.140381,-0.052490,0.992676,-4.717557,-8.435115,26.221375,1.003926,27.945786,normal
12822,-0.023682,0.031982,0.998047,-1.992366,-16.496183,26.893129,0.998840,31.612244,normal
12842,0.075195,0.046875,0.941895,-7.519084,-3.961832,24.954199,0.946053,26.361805,normal
12862,-0.071533,-0.033203,0.968018,-5.145038,6.198473,17.893129,0.971225,19.622858,normal
12882,-0.132568,0.012451,1.025146,-3.022901,-7.519084,22.129770,1.033758,23.566954,normal
12902,0.022461,-0.072021,1.000732,-2.274809,-9.229008,27.221375,1.003572,28.833185,normal
12922,0.096436,-0.057373,1.009033,3.114504,4.610687,28.351145,1.015253,28.891972,normal
12942,0.066895,0.104980,0.981445,1.427481,17.931297,30.236641,0.989308,35.182716,normal
12962,-0.057617,0.139404,0.973389,-12.183207,21.480917,25.893129,0.985007,35.781483,normal
12982,-0.231201,0.108398,0.994629,-20.122137,5.740458,21.549618,1.026884,30.037298,normal
13002,-0.203125,-0.063965,1.024414,-22.748091,-20.160305,23.809160,1.046315,38.610744,normal
13022,-0.004639,-0.063477,1.016846,-15.076336,-26.931297,28.282442,1.018836,41.862720,normal
13042,0.156250,-0.003906,0.969482,-13.557252,-12.068703,31.152672,0.982001,36.054703,normal
13062,0.077637,0.002441,0.982910,-12.572519,13.022901,22.000000,0.985975,28.489721,normal
13082,-0.168213,-0.004883,0.992920,-12.969465,5.870229,21.801527,1.007080,26.037918,normal
13102,-0.115234,-0.221436,0.956787,-2.022901,-18.297710,32.061069,0.988815,36.970402,normal
13122,0.213135,0.034668,1.020996,10.687023,-8.190840,37.534351,1.043581,39.876434,normal
13142,0.308350,-0.006104,0.972900,8.587787,32.091602,36.000000,1.020614,48.985928,normal
13162,0.039551,-0.032715,0.976562,7.450382,57.709923,30.419847,0.977910,65.660568,normal
13182,-0.164062,0.088867,0.960449,15.396947,48.145039,30.282442,0.978405,58.923996,normal
13202,-0.239258,0.123291,1.018066,3.801527,25.114504,30.381680,1.053045,39.600964,normal
13222,-0.124023,0.118408,1.026367,-4.786260,4.366412,32.328243,1.040592,32.971035,normal
13242,0.060791,-0.048096,0.963379,-6.427481,9.160305,34.083969,0.966492,35.873955,normal
13262,0.036377,0.007080,0.989014,-0.854962,29.335878,29.129770,0.989708,41.350552,normal
13282,-0.101562,0.007324,0.941162,0.511450,29.396946,31.793894,0.946654,43.304661,normal
13302,-0.140869,0.021973,0.914795,6.000000,17.618320,32.916031,0.925838,37.813625,normal
13322,-0.171631,0.068848,0.959229,5.648855,10.229008,28.412214,0.976891,30.721264,normal
13342,-0.176025,0.142090,1.039551,-1.770992,3.030534,25.496183,1.063880,25.736666,normal
13362,-0.112061,0.165527,1.028564,-17.648855,-5.648855,29.366413,1.047808,34.724312,normal
13382,0.009521,0.009766,0.950439,-18.702290,3.328244,28.671755,0.950537,34.393639,normal
13402,-0.046631,-0.023682,0.916748,-17.175573,16.748091,24.824427,0.918239,34.521748,normal
13422,-0.154785,-0.039062,0.926270,-6.587786,16.961832,20.389313,0.939925,27.328131,normal
13442,-0.243652,0.093994,0.988770,-5.374046,5.221374,15.809160,1.022676,17.494932,normal
13462,-0.208740,0.083496,0.977295,-9.412213,-14.717557,18.809160,1.002821,25.670620,normal
13482,-0.007324,0.032227,0.959473,-9.671756,-21.083969,24.389313,0.960042,33.658806,normal
13502,0.095459,0.122803,0.983398,-18.206106,-1.595420,24.625954,0.995623,30.666681,normal
13522,-0.021240,-0.039307,0.964600,-18.923664,17.465649,23.954199,0.965634,35.170406,normal
13542,-0.166260,-0.049561,0.950195,-11.175572,17.053434,23.290077,0.965904,30.953848,normal
13562,-0.220703,0.000244,0.973389,-1.221374,1.053435,21.961832,0.998096,22.020979,normal
13582,-0.120850,0.068848,0.997803,-3.061069,-14.992367,24.389313,1.007450,28.792007,normal
13602,0.026855,0.103516,1.009033,-7.961832,-11.015267,25.702290,1.014685,29.074636,normal
13622,0.060059,0.087891,0.980469,-15.625955,8.351145,27.519083,0.986231,32.729374,normal
13642,-0.076904,-0.052490,0.925293,-15.076336,25.068703,23.534351,0.929966,37.544662,normal
13662,-0.288574,-0.021484,0.962646,-4.297710,11.106871,21.679390,1.005199,24.735174,normal
13682,-0.225342,0.138428,1.022705,-7.091603,-17.389313,22.679390,1.056346,29.445436,normal
13702,-0.013672,0.072998,0.987549,-13.916031,-20.893129,22.213741,0.990337,33.520576,normal
13722,0.093018,0.032471,0.982910,-10.061069,-3.633588,19.038168,0.987836,21.837580,normal
13742,0.009277,0.054443,0.962646,-17.793894,20.076336,16.755726,0.964229,31.629675,normal
13762,-0.210693,0.008789,0.971680,-14.343512,20.450382,11.809160,0.994299,27.629889,normal
13782,-0.265869,-0.080566,0.995850,-9.458015,-8.015267,16.076336,1.033873,20.301407,normal
13802,-0.110596,0.072021,1.015137,-7.022901,-21.167938,15.366412,1.023680,27.083748,normal
13822,0.019043,0.078125,0.985596,-15.725191,-17.015266,16.625954,0.988871,28.517069,normal
13842,0.043701,0.004395,0.970947,-16.076336,-2.725191,17.923664,0.971940,24.230825,normal
13862,-0.041748,-0.020020,0.988281,-15.061069,9.763359,12.916031,0.989365,22.112955,normal
13882,-0.167480,0.014648,0.980469,-13.564885,2.450382,14.335877,0.994778,19.887882,normal
13902,-0.101074,0.039551,0.967041,-14.038168,-12.763359,17.580153,0.973113,25.865717,normal
13922,0.000244,-0.010254,0.959229,-12.870229,-12.931297,20.335878,0.959283,27.320490,normal
13942,-0.002686,-0.052002,1.016846,-11.183207,-6.419847,18.374046,1.018178,22.447365,normal
13962,0.033936,-0.018799,0.999756,-14.183207,-2.083969,24.664122,1.000508,28.527622,normal
13982,0.022949,-0.068848,0.964844,-9.290076,11.954199,21.114504,0.967569,25.981352,normal
14002,-0.040527,-0.042969,0.979980,-6.076336,18.442749,23.320610,0.981759,30.346460,normal
14022,-0.042236,0.003174,0.962402,-3.198473,16.786259,26.954199,0.963334,31.914534,normal
14042,-0.040771,-0.003662,0.973145,-1.977099,19.106871,26.694656,0.974005,32.887478,normal
14062,-0.061035,0.091309,1.012451,-4.541985,20.816793,28.404581,1.018391,35.507587,normal
14082,-0.052002,0.032227,0.982666,-10.641221,20.961832,30.534351,0.984569,38.535446,normal
14102,-0.080811,-0.075195,0.963623,-11.709924,24.274809,27.839695,0.969925,38.748383,normal
14122,-0.174316,-0.036377,0.979736,-4.473282,21.045801,24.824427,0.995788,32.850998,normal
14142,-0.161865,0.005371,0.963867,-0.045802,5.954198,26.068703,0.977379,26.740080,normal
14162,-0.054199,0.005615,0.939453,1.954198,0.244275,28.877863,0.941032,28.944939,normal
14182,-0.002930,0.112305,0.972412,-0.496183,12.381680,25.381680,0.978880,28.245033,normal
14202,-0.070557,0.006104,0.960205,-4.984733,18.229008,26.137405,0.962813,32.253811,normal
14222,-0.159668,-0.044678,0.967529,-0.946565,16.404581,22.297710,0.981633,27.698271,normal
14242,-0.173584,0.045166,1.010254,-0.427481,7.824428,22.343512,1.026053,23.677773,normal
14262,-0.131104,0.044189,1.010986,-3.732824,6.061069,18.389313,1.020409,19.718960,normal
14282,-0.135986,0.024902,1.001709,-4.549618,5.778626,14.824428,1.011204,16.548571,normal
14302,-0.131592,0.024414,0.943604,-4.312977,3.870229,14.091603,0.953048,15.236592,normal
14322,-0.133057,0.044434,0.988770,-1.160305,1.167939,11.977099,0.998671,12.089719,normal
14342,-0.068604,0.082764,0.981934,-4.358778,3.503817,11.893129,0.987801,13.142383,normal
14362,-0.052490,0.076416,0.988037,-8.969465,10.297709,9.740458,0.992377,16.774107,normal
14382,-0.117188,0.022461,0.985352,-13.839695,16.083969,5.572519,0.992550,21.938190,normal
14402,-0.211426,-0.043701,0.993896,-8.709924,9.374045,3.053435,1.017075,13.155189,normal
14422,-0.193848,-0.018066,0.987305,-3.893130,-1.145038,2.725191,1.006317,4.888173,normal
14442,-0.133545,0.035889,0.972900,0.603053,-4.717557,1.061069,0.982679,4.872873,normal
14462,-0.071289,0.055420,0.966553,-3.030534,-0.229008,0.534351,0.970761,3.085792,normal
14482,-0.091064,0.046143,0.975830,-7.526718,5.282443,-1.206107,0.981156,9.274178,normal
14502,-0.138916,0.007568,0.971680,-7.534351,5.099236,-1.450382,0.981589,9.212615,normal
14522,-0.160400,0.022461,0.979492,-4.977099,1.633588,-2.305344,0.992793,5.723176,normal
14542,-0.120117,0.029785,0.964600,-5.381680,-2.549618,-2.351145,0.972506,6.402414,normal
14562,-0.098877,0.044189,0.961182,-5.526718,-0.625954,-3.312977,0.967264,6.473967,normal
14582,-0.107422,0.026123,0.980957,-6.045802,1.083969,-2.412214,0.987167,6.598900,normal
14602,-0.114502,0.050781,0.966797,-6.618320,2.442748,-3.916031,0.974877,8.068734,normal
14622,-0.130859,0.028320,0.982910,-7.717557,0.717557,-4.748092,0.991987,9.089552,normal
14642,-0.131836,-0.017822,0.970215,-4.908397,-1.442748,-5.160306,0.979293,7.266542,normal
14662,-0.104492,0.004150,0.966309,-0.946565,-3.068702,-4.992366,0.971951,5.936046,normal
14682,-0.108887,0.087891,0.962158,-0.923664,-0.687023,-8.267176,0.972281,8.346936,normal
14702,-0.144043,0.023193,0.972900,-5.755725,-2.274809,-8.755725,0.983779,10.722213,normal
14722,-0.127197,0.029541,0.981934,-3.916031,-8.198473,-9.717557,0.990578,13.303427,normal
14742,-0.105957,0.052734,0.983154,-8.740458,-7.870229,-11.167939,0.990253,16.219093,normal
14762,-0.118896,0.023682,0.962158,-11.282443,-5.992366,-14.381680,0.969766,19.236284,normal
14782,-0.127197,-0.009033,0.962158,-7.000000,-9.244275,-12.519084,0.970572,17.064117,normal
14802,-0.053711,-0.048828,0.938232,-2.503817,-7.229008,-15.572519,0.941036,17.350245,normal
14822,-0.093506,0.097412,1.023926,-4.129771,-4.610687,-16.519083,1.032791,17.640678,normal
14842,-0.104004,0.058105,1.007812,-11.816793,-5.190840,-15.526717,1.014830,20.190601,normal
14862,-0.111084,-0.033691,0.970703,-10.122137,-2.687023,-20.183207,0.977619,22.738504,normal
14882,-0.153320,-0.034912,0.979980,-5.129771,-7.541985,-19.832062,0.992516,21.829035,normal
14902,-0.057617,0.007324,0.967529,-2.870229,-13.656488,-16.152672,0.969271,21.345882,normal
14922,0.009766,0.009521,0.992432,-0.709924,-8.435115,-15.320611,0.992525,17.503607,normal
14942,0.007812,0.112061,0.990723,-7.396946,2.320611,-16.679390,0.997071,18.392992,normal
14962,-0.078857,0.024170,0.992188,-11.984733,7.816794,-16.519083,0.995610,21.854431,normal
14982,-0.127197,-0.033691,0.981934,-10.061069,3.061069,-14.343512,0.990711,17.785713,normal
15002,-0.103760,-0.051514,0.939941,-1.480916,-2.312977,-16.763359,0.947053,16.986853,normal
15022,-0.083008,0.009766,0.979248,3.549618,-2.809160,-14.251908,0.982808,14.953530,normal
15042,0.002930,0.054932,0.978271,0.290076,0.969466,-13.442748,0.979817,13.480782,normal
15062,-0.045654,0.012939,0.972900,-6.312977,8.778625,-15.641221,0.974057,19.014881,normal
15082,-0.142090,-0.043213,0.976562,-2.564885,4.549618,-17.381680,0.987791,18.149393,normal
15102,-0.173096,0.013428,0.964355,1.595420,-3.946565,-19.465649,0.979859,19.925667,normal
15122,-0.103027,0.062500,0.998291,-0.450382,-11.961832,-16.297710,1.005538,20.221365,normal
15142,-0.013672,0.083008,0.962402,-8.083969,-4.572519,-17.038168,0.966072,19.405094,normal
15162,-0.051025,0.016602,0.979736,-11.763359,3.152672,-21.213741,0.981205,24.460964,normal
15182,-0.091309,-0.028809,0.987549,-7.839694,-0.282443,-22.160305,0.992179,23.507864,normal
15202,-0.078369,0.019775,0.978271,-2.213740,-0.488550,-22.328245,0.981605,22.443035,normal
15222,-0.068115,-0.016357,1.004639,-0.396947,2.083969,-24.083969,1.007078,24.177223,normal
15242,-0.044922,0.062988,1.025391,-6.305344,1.687023,-22.778625,1.028305,23.695341,normal
15262,-0.013428,-0.052246,0.941162,-6.351145,4.755725,-21.832062,0.942707,23.229139,normal
15282,-0.050781,-0.088379,0.915771,4.687023,7.259542,-24.007633,0.921427,25.515398,normal
15302,-0.110107,-0.045898,0.978516,15.167939,11.587787,-27.106871,0.985760,33.153065,normal
15322,-0.141357,0.004883,1.026611,17.145039,10.419847,-31.122137,1.036309,37.028545,normal
15342,-0.142578,0.057129,0.993164,12.442748,3.106870,-33.335876,1.004971,35.717716,normal
15362,-0.088623,0.017822,0.963379,11.145039,-1.816794,-30.725191,0.967611,32.734539,normal
15382,-0.020752,0.011963,0.898193,14.496183,0.801527,-31.961832,0.898513,35.104706,normal
15402,-0.007324,-0.089355,0.906006,24.206106,7.702290,-30.244274,0.910431,39.496544,normal
15422,-0.031006,0.069092,0.951660,31.160305,15.328244,-30.106871,0.954669,45.960236,normal
15442,-0.125977,0.248779,1.022705,14.679389,18.541985,-33.206108,1.060041,40.766842,normal
15462,-0.195557,0.212158,0.999268,-6.152672,6.351145,-32.511452,1.040091,33.692535,normal
15482,-0.148438,0.044678,0.935547,-10.862596,-8.839695,-32.122139,0.948303,35.042374,normal
15502,-0.045410,-0.112305,0.931152,-1.381679,-9.625955,-29.877863,0.938999,31.420610,normal
15522,0.021240,-0.225342,0.886230,24.259542,2.083969,-27.427481,0.914677,36.676083,normal
15542,0.016357,0.071777,0.956055,36.015266,21.778625,-29.870230,0.958885,51.610451,normal
15562,-0.147217,0.225586,1.057373,22.732824,27.106871,-31.038168,1.091146,47.063061,normal
15582,-0.214355,0.122559,0.969238,13.381680,13.709924,-26.732824,1.000196,32.888832,normal
15602,-0.159180,-0.060547,0.888184,25.213741,4.648855,-27.969465,0.904364,37.942532,normal
15622,-0.118896,0.085938,0.927002,33.595421,-2.061069,-24.160305,0.938538,41.432121,normal
15642,-0.080322,0.219238,1.001709,28.099237,-0.977099,-21.160305,1.028561,35.189209,normal
15662,-0.060303,0.327393,1.057373,5.374046,8.106871,-23.076336,1.108540,25.042345,normal
15682,-0.150146,0.235107,1.005127,-18.030535,12.793893,-23.045801,1.043120,31.935760,normal
15702,-0.229980,0.079346,0.948242,-20.786259,3.969466,-22.099237,0.978954,30.597410,normal
15722,-0.179443,-0.022949,0.943359,-12.038168,-17.076336,-15.671756,0.960549,26.117479,normal
15742,-0.065674,0.092285,0.954834,-2.129771,-22.870230,-15.862596,0.961529,27.914249,normal
15762,-0.049561,0.273926,1.019775,-10.167939,-17.076336,-17.664122,1.057087,26.589649,normal
15782,-0.057129,0.197998,1.010254,-32.374046,-13.664123,-16.832062,1.031058,38.962872,normal
15802,-0.109131,0.089355,1.000000,-39.839695,-9.412213,-20.244274,1.009898,45.668606,normal
15822,-0.150879,-0.014648,0.999023,-34.900764,-17.198473,-19.557251,1.010459,43.546951,normal
15842,-0.077148,-0.060547,1.004883,-25.251909,-20.511450,-19.267176,1.009657,37.810085,normal
15862,-0.023926,0.039062,0.965820,-20.083969,-16.725191,-19.068703,0.966906,32.352947,normal
15882,-0.027100,0.043701,0.965576,-20.496183,-10.725191,-17.824427,0.966944,29.203314,normal
15902,-0.067139,-0.073975,0.955811,-11.068703,-4.916030,-19.435114,0.961017,22.899939,normal
15922,-0.110840,-0.151123,0.930908,7.305344,-4.541985,-18.519083,0.949586,20.419455,normal
15942,-0.047852,-0.038330,0.916260,19.099237,-18.763359,-7.702290,0.918309,27.859823,normal
15962,0.024902,0.165527,0.989014,21.480917,-10.732824,-11.496183,1.003079,26.623026,normal
15982,-0.073242,0.235596,1.021973,2.160305,-3.282443,-12.114504,1.051331,12.735876,normal
16002,-0.101562,0.072021,0.992920,-6.007634,-4.198473,-11.145039,1.000696,13.339067,normal
16022,-0.073975,-0.009766,0.971191,-3.389313,-2.916031,-9.931297,0.974054,10.891343,normal
16042,-0.044922,0.012695,0.936768,3.114504,-2.603053,-8.251908,0.937930,9.196196,normal
16062,-0.021484,0.065430,0.971436,6.778626,-3.396947,-7.175572,0.973873,10.439246,normal
16082,-0.014160,0.126953,1.009766,3.297710,0.389313,-6.587786,1.017813,7.377356,normal
16102,-0.076904,0.110596,1.006592,-1.801527,7.977099,-8.702291,1.015565,11.941920,normal
16122,-0.164551,0.104248,1.000000,-7.564886,1.328244,-7.198473,1.018796,10.526621,normal
16142,-0.081543,0.048340,0.988281,-5.198473,-11.122137,-5.893130,0.992817,13.618188,normal
16162,0.013916,0.097168,0.962891,-5.061069,-9.045801,-5.038168,0.967881,11.524932,normal
16182,0.036621,0.135254,0.941162,-8.015267,-0.923664,-5.961832,0.951536,10.032004,normal
16202,-0.043945,0.043945,0.974609,-13.496183,3.045802,-4.748092,0.976589,14.627653,normal
16222,-0.096924,0.042236,1.003174,-12.114504,-0.931298,-5.450382,1.008730,13.316726,normal
16242,-0.108887,0.059082,1.038818,-12.671756,-8.137404,-4.572519,1.046179,15.738445,normal
16262,-0.030762,0.001953,0.987549,-11.587787,-12.244275,-3.007634,0.988030,17.124395,normal
16282,0.052979,0.014648,0.967041,-3.816794,-4.152672,-3.183206,0.968602,6.476527,normal
16302,0.073242,-0.000977,0.982666,4.435114,8.610687,-2.427481,0.985392,9.985332,normal
16322,-0.017090,0.060791,0.990234,7.465649,17.839695,-2.312977,0.992246,19.476665,normal
16342,-0.118652,0.084473,1.001709,5.656488,15.923664,-2.236641,1.012242,17.045864,normal
16362,-0.138184,0.107178,1.001221,2.977099,3.206107,-1.480916,1.016378,4.619021,normal
16382,-0.046631,0.069580,0.977051,0.816794,-5.396946,-0.572519,0.980635,5.488348,normal
16402,0.030273,0.079590,0.982178,-0.412214,2.290076,-1.480916,0.985862,2.758166,normal
16422,-0.003906,0.147949,1.006104,-6.206107,13.000000,-3.236641,1.016931,14.764539,normal
16442,-0.072998,0.118896,0.985596,-15.656488,13.229008,-1.961832,0.995422,20.590799,normal
16462,-0.103271,0.012451,0.973145,-13.931297,5.740458,-1.496183,0.978688,15.141747,normal
16482,-0.081055,0.027344,0.962402,-7.931298,-0.351145,-1.396947,0.966197,8.061032,normal
16502,-0.059326,0.075195,0.965088,-7.106870,-1.870229,0.297710,0.969829,7.354862,normal
16522,-0.026367,0.112061,1.016357,-8.839695,-0.946565,1.381679,1.022856,8.996957,normal
16542,0.007324,0.091064,1.001221,-14.885496,6.847328,0.969466,1.005380,16.413523,normal
16562,-0.018066,-0.012207,0.981934,-12.694656,13.229008,1.519084,0.982176,18.397514,normal
16582,-0.065430,0.063965,0.933594,-6.984733,15.167939,-1.648855,0.938067,16.780096,normal
16602,-0.101074,0.007568,0.962891,-1.145038,8.717557,-0.450382,0.968211,8.803962,normal
16622,-0.070801,0.022461,0.985352,3.412214,5.274809,-0.473282,0.988147,6.300065,normal
16642,-0.030518,0.087891,0.996094,2.954198,7.633588,-0.572519,1.000429,8.205287,normal
16662,-0.027344,0.148682,0.993408,-4.106870,12.412213,-0.877863,1.004845,13.103436,normal
16682,-0.076904,0.136719,0.994629,-13.832061,15.099236,-0.458015,1.006922,20.482252,normal
16702,-0.102783,-0.088867,0.967529,-8.488549,11.167939,-0.015267,0.977023,14.027778,normal
16722,-0.080322,-0.116943,0.954834,10.961832,7.343512,0.458015,0.965316,13.202224,normal
16742,-0.051514,0.053223,0.949463,23.152672,10.068703,0.000000,0.952348,25.247276,normal
16762,-0.072998,0.305176,0.999756,13.916031,14.412213,-2.015267,1.047842,20.135271,normal
16782,-0.161621,0.282471,1.041016,-17.488550,6.595420,0.007634,1.090699,18.690882,normal
16802,-0.155518,0.002441,0.990479,-24.572519,-7.061069,-0.664122,1.002616,25.575544,normal
16822,-0.084961,-0.073975,0.973145,-14.732824,-13.038168,-0.145038,0.979643,19.674118,normal
16842,-0.049072,0.065430,0.973145,-8.274809,-9.282443,1.900763,0.976575,12.579710,normal
16862,-0.057617,0.076172,0.955566,-6.656488,-2.526718,0.175573,0.960328,7.122076,normal
16882,-0.096191,0.065918,0.991211,-6.122138,-3.419847,1.343511,0.998047,7.140094,normal
16902,-0.096924,0.038574,0.987305,-3.030534,-7.503817,1.824427,0.992800,8.295778,normal
16922,-0.080566,0.062012,0.981201,-2.526718,-10.916031,2.076336,0.986454,11.395402,normal
16942,-0.052246,0.057373,0.948730,-1.099237,-10.351145,1.061069,0.951899,10.463288,normal
16962,-0.081055,0.086426,0.951660,-3.076336,-9.885496,1.244275,0.959008,10.427612,normal
16982,-0.091064,0.125732,1.003662,-11.190840,-12.916031,1.053435,1.015598,17.122162,normal
17002,-0.030518,0.063477,1.020264,-12.053435,-16.732824,1.213740,1.022692,20.657829,normal
17022,0.029053,0.073975,0.983887,-11.809160,-8.610687,0.977099,0.987091,14.647694,normal
17042,0.001953,0.059814,0.988770,-13.396947,-0.045802,-0.587786,0.990579,13.409913,normal
17062,-0.065186,0.063965,0.990967,-13.603053,0.832061,-0.900763,0.995166,13.658212,normal
17082,-0.070068,0.070801,0.983398,-13.358779,-3.564885,-0.526718,0.988431,13.836286,normal
17102,-0.058350,0.059570,0.997559,-16.343512,-7.274809,0.656489,1.001038,17.901514,normal
17122,-0.002686,-0.058594,1.000732,-11.877863,-8.267176,0.862595,1.002450,14.497375,normal
17142,0.052490,0.026123,0.982422,-7.061069,-0.977099,1.625954,0.984170,7.311439,normal
17162,0.002930,0.045898,0.980225,-4.984733,6.656488,0.007634,0.981303,8.316036,normal
17182,-0.044922,0.041016,0.992188,-6.320611,5.603054,0.366412,0.994050,8.454501,normal
17202,-0.074951,0.045166,0.987793,-5.099236,0.832061,-0.687023,0.991662,5.212153,normal
17222,-0.063477,0.062744,0.980469,-5.251908,-4.961832,-0.938931,0.984523,7.285871,normal
17242,-0.029297,0.005859,0.996338,-2.984733,-6.702290,-1.290076,0.996786,7.449404,normal
17262,-0.001221,0.091553,1.002930,-2.114504,-5.320611,-0.022901,1.007100,5.725430,normal
17282,0.042725,-0.003174,0.965820,-0.687023,1.396947,-2.358779,0.966770,2.826181,normal
17302,-0.006104,0.193359,0.977295,-4.671756,0.832061,3.045802,0.996258,5.638664,normal
17322,-0.021240,0.010742,0.965820,0.007634,4.496183,-1.954198,0.966114,4.902511,normal
17342,-0.010254,0.046387,0.977783,-1.633588,2.709924,-0.984733,0.978937,3.313909,normal
17362,-0.035889,-0.022217,0.982178,-1.396947,-1.389313,4.786260,0.983084,5.175899,normal
17382,-0.024170,0.053467,0.980469,-3.694656,1.328244,0.137405,0.982223,3.928562,normal
17402,-0.020020,0.081055,1.001953,-3.045802,2.022901,-1.679389,1.005426,4.023603,normal
17422,-0.018555,0.054199,0.980957,-3.709924,2.763359,-2.641221,0.982628,5.326888,normal
17442,-0.015625,0.020996,0.996338,-3.793893,2.641221,-1.145038,0.996682,4.762435,normal
17462,0.042969,-0.031738,0.948730,-0.167939,1.068702,-0.404580,0.950233,1.154995,normal
17482,0.032227,-0.013672,0.967529,-0.824427,5.175572,-0.854962,0.968162,5.310102,normal
17502,-0.037109,0.001465,0.984131,-2.450382,7.450382,0.511450,0.984831,7.859653,normal
17522,-0.062988,0.095947,0.997314,0.557252,6.549618,-3.442748,1.003897,7.420280,normal
17542,-0.068359,-0.002197,0.987549,-1.297710,-1.206107,0.190840,0.989914,1.781899,normal
17562,-0.040283,0.074219,0.980225,-1.580153,-5.198473,1.175573,0.983855,5.559045,normal
17582,-0.011230,0.042480,0.985840,2.343511,-3.618321,-1.847328,0.986819,4.690086,normal
17602,-0.107178,0.036133,1.106201,15.587787,-2.984733,-13.022901,1.111968,20.530067,normal
17622,0.011719,-0.034668,0.979980,-9.572519,-13.030535,3.801527,0.980664,16.609623,normal
17642,0.045654,0.142578,0.984375,0.259542,-3.358779,-3.977099,0.995694,5.212108,normal
17662,0.051025,0.015137,0.966797,-4.847328,4.251908,0.290076,0.968261,6.454414,normal
17682,-0.032715,0.106201,0.951172,-5.977099,7.961832,0.076336,0.957641,9.956019,normal
17702,-0.083740,0.085693,0.988281,-2.977099,-1.984733,0.213740,0.995518,3.584406,normal
17722,-0.022949,0.044678,1.001953,-4.038168,-7.519084,0.671756,1.003211,8.561232,normal
17742,0.022461,0.128662,0.987305,-5.007634,-4.015267,0.297710,0.995906,6.425527,normal
17762,0.023193,0.083496,0.998535,-3.190840,2.496183,-1.961832,1.002288,4.501241,normal
17782,-0.014160,0.053223,0.993652,-4.343512,4.854962,-1.519084,0.995177,6.689123,normal
17802,-0.035156,0.098633,0.978271,-3.954198,2.061069,-1.221374,0.983859,4.623359,normal
17822,0.018799,0.147705,0.925293,-11.198473,-0.954198,3.664122,0.937196,11.821256,normal
17842,0.008057,0.189453,0.952881,-3.824427,3.213740,-0.732824,0.971565,5.048901,normal
17862,-0.007324,0.014160,0.985107,-3.816794,4.290076,-1.870229,0.985236,6.039075,normal
17882,-0.023438,0.041748,0.984619,-5.671756,1.801527,-0.129771,0.985782,5.952407,normal
17902,-0.013184,0.089355,0.977051,-5.213740,1.152672,-0.458015,0.981217,5.359246,normal
17922,-0.002197,0.084229,0.974121,-4.541985,1.274809,-0.877863,0.977758,4.798480,normal
17942,-0.001953,0.064209,0.987793,-4.786260,2.412214,-0.770992,0.989880,5.414932,normal
17962,-0.006836,0.064453,0.987061,-4.938931,2.816794,-0.480916,0.989186,5.706019,normal
17982,-0.013428,0.062500,0.981689,-4.854962,2.374046,-0.755725,0.983769,5.456910,normal
18002,-0.006104,0.068848,0.987061,-4.816794,1.694656,-0.687023,0.989478,5.152219,normal
18022,-0.012695,0.062500,0.984863,-4.763359,1.519084,-0.587786,0.986926,5.034153,normal
18042,-0.012451,0.067139,0.982422,-5.129771,1.572519,-0.473282,0.984792,5.386220,normal
18062,-0.003662,0.077148,0.984863,-5.007634,2.282443,-0.557252,0.987887,5.531407,normal
18082,-0.010498,0.067871,0.987061,-4.870229,2.343511,-0.595420,0.989447,5.437435,normal
18102,-0.008057,0.070312,0.981201,-4.923664,2.022901,-0.740458,0.983750,5.374279,normal
18122,-0.012207,0.072021,0.989258,-4.748092,1.931298,-0.732824,0.991951,5.177964,normal
18142,-0.004395,0.066650,0.986084,-4.801527,1.778626,-0.671756,0.988344,5.164245,normal
18162,-0.011719,0.070312,0.980713,-5.000000,2.221374,-0.396947,0.983300,5.485624,normal
18182,-0.000488,0.072021,0.981201,-4.923664,2.206107,-0.564885,0.983841,5.424801,normal
18202,-0.007080,0.070068,0.987549,-4.969466,2.503817,-0.534351,0.990057,5.590189,normal
18222,-0.011230,0.069580,0.984863,-4.854962,1.740458,-0.618321,0.987382,5.194436,normal
18242,-0.002197,0.069580,0.982666,-4.977099,1.656489,-0.366412,0.985129,5.258301,normal
18262,-0.002930,0.071533,0.986572,-4.992366,1.862595,-0.526718,0.989166,5.354476,normal
18282,-0.010010,0.072021,0.980469,-5.099236,2.648855,-0.534351,0.983161,5.770977,normal
18302,-0.016113,0.076172,0.982910,-5.053435,2.534351,-0.595420,0.985989,5.684599,normal
18322,-0.010254,0.077881,0.988037,-4.954198,1.938931,-0.656489,0.991155,5.360458,normal
18342,-0.005859,0.075928,0.984619,-4.816794,1.503817,-0.748092,0.987560,5.101236,normal
18362,-0.008789,0.069092,0.988281,-4.778626,1.931298,-0.641221,0.990732,5.193875,normal
18382,-0.007812,0.071289,0.986084,-5.022901,2.442748,-0.648855,0.988688,5.622950,normal
18402,-0.007812,0.069824,0.981445,-4.832061,2.190840,-0.564885,0.983957,5.335512,normal
18422,-0.009033,0.062988,0.987793,-4.854962,1.702290,-0.610687,0.989840,5.180867,normal
18442,-0.008789,0.062012,0.979736,-4.961832,1.648855,-0.648855,0.981736,5.268730,normal
18462,-0.010254,0.070801,0.989746,-4.732824,1.839695,-0.893130,0.992328,5.155752,normal
18482,-0.006836,0.066650,0.984131,-4.717557,2.251908,-0.557252,0.986409,5.257087,normal
18502,-0.001709,0.075195,0.980225,-5.000000,1.763359,-0.671756,0.983106,5.344220,normal
18522,-0.009277,0.073975,0.979492,-5.000000,2.175573,-0.610687,0.982325,5.486898,normal
18542,-0.006592,0.071045,0.980957,-4.954198,2.206107,-0.748092,0.983548,5.474544,normal
18562,-0.012695,0.075195,0.985352,-4.900764,2.534351,-0.732824,0.988298,5.565739,normal
18582,-0.010010,0.072998,0.983887,-4.862596,1.923664,-0.671756,0.986642,5.272246,normal
18602,-0.011230,0.070557,0.983154,-5.030534,1.870229,-0.610687,0.985747,5.401571,normal
18622,-0.008057,0.070801,0.989014,-4.931298,2.000000,-0.580153,0.991577,5.352969,normal
18642,-0.007324,0.066650,0.982422,-4.870229,2.160305,-0.664122,0.984707,5.369088,normal
18662,-0.006836,0.063965,0.978271,-4.847328,2.267176,-0.541985,0.980384,5.378701,normal
18682,-0.009277,0.071533,0.974854,-4.854962,1.885496,-0.496183,0.977518,5.231821,normal
18702,-0.011230,0.068115,0.987549,-4.770992,2.106870,-0.496183,0.989959,5.239033,normal
18722,-0.005615,0.074707,0.974609,-4.854962,2.229008,-0.641221,0.977485,5.380548,normal
18742,-0.004150,0.066162,0.986084,-5.053435,2.404580,-0.534351,0.988310,5.621810,normal
18762,-0.009277,0.073730,0.973389,-5.045802,1.893130,-0.664122,0.976221,5.430020,normal
18782,-0.009277,0.068115,0.985596,-4.992366,2.213740,-0.687023,0.987990,5.504214,normal
18802,-0.009277,0.064941,0.978271,-4.908397,1.885496,-0.595420,0.980469,5.291689,normal
18822,-0.008057,0.065430,0.988770,-4.992366,1.908397,-0.572519,0.990965,5.375266,normal
18842,-0.007812,0.070801,0.980225,-4.854962,2.000000,-0.755725,0.982809,5.304882,normal
18862,-0.005859,0.063721,0.984619,-4.893130,2.442748,-0.625954,0.986696,5.504685,normal
18882,-0.012939,0.068359,0.986084,-4.839694,2.442748,-0.717557,0.988535,5.468505,normal
18902,-0.009033,0.068359,0.988525,-4.885496,1.923664,-0.755725,0.990927,5.304685,normal
18922,-0.006104,0.063721,0.983154,-4.809160,1.671756,-0.610687,0.985236,5.127936,normal
18942,-0.003418,0.070068,0.980469,-4.931298,2.091603,-0.580153,0.982975,5.387864,normal
18962,-0.005615,0.066650,0.987549,-4.931298,2.358779,-0.770992,0.989811,5.520504,normal
18982,-0.010010,0.071045,0.984375,-5.152672,1.419847,-0.648855,0.986986,5.383958,normal
19002,-0.002441,0.071045,0.982422,-4.908397,1.984733,-0.580153,0.984990,5.326171,normal
19022,-0.007812,0.071289,0.982910,-4.862596,1.717557,-0.778626,0.985523,5.215467,normal
19042,-0.005127,0.071777,0.981934,-5.053435,1.641221,-0.603053,0.984567,5.347382,normal
19062,-0.010254,0.071045,0.980957,-4.824428,1.755725,-0.725191,0.983580,5.184937,normal
19082,-0.011230,0.070557,0.981445,-4.977099,1.610687,-0.549618,0.984042,5.260030,normal
19102,-0.004150,0.074219,0.983643,-4.893130,1.954198,-0.618321,0.986447,5.305086,normal
19122,-0.005859,0.068848,0.986084,-4.824428,1.725191,-0.679389,0.988502,5.168458,normal
19142,-0.010010,0.067627,0.988037,-5.000000,1.870229,-0.725191,0.990399,5.387361,normal
19162,-0.012207,0.070068,0.982666,-4.885496,2.221374,-0.610687,0.985237,5.401436,normal
19182,-0.005859,0.067871,0.980957,-4.778626,2.488550,-0.519084,0.983320,5.412725,normal
19202,-0.005615,0.065186,0.989014,-5.045802,2.297710,-0.511450,0.991175,5.567869,normal
19222,-0.013428,0.068359,0.982666,-4.992366,2.061069,-0.625954,0.985132,5.437237,normal
19242,-0.011963,0.069580,0.980469,-4.931298,2.076336,-0.717557,0.983007,5.398496,normal
19262,-0.011230,0.069580,0.975586,-4.961832,2.045802,-0.595420,0.978129,5.399963,normal
19282,-0.006592,0.068604,0.982666,-4.954198,2.221374,-0.564885,0.985080,5.458725,normal
19302,-0.001709,0.067383,0.984619,-4.916030,2.206107,-0.488550,0.986924,5.410448,normal
19322,-0.003906,0.072021,0.980469,-4.847328,1.961832,-0.564885,0.983118,5.259703,normal
19342,-0.008789,0.072021,0.991699,-4.893130,2.114504,-0.755725,0.994350,5.383769,normal
19362,-0.012695,0.065674,0.992432,-4.824428,1.977099,-0.618321,0.994683,5.250366,normal
19382,-0.008545,0.072510,0.989990,-4.954198,2.061069,-0.732824,0.992679,5.415637,normal
19402,-0.011475,0.073975,0.983154,-5.015267,2.274809,-0.534351,0.986000,5.532919,normal
19422,-0.007812,0.064697,0.975586,-4.824428,2.038168,-0.709924,0.977760,5.285189,normal
19442,-0.005127,0.067139,0.978760,-4.961832,1.984733,-0.687023,0.981073,5.388037,normal
19462,-0.012939,0.067139,0.980469,-4.923664,1.717557,-0.534351,0.982850,5.241946,normal
19482,-0.009521,0.066650,0.988770,-4.984733,1.923664,-0.633588,0.991059,5.380472,normal
19502,-0.002197,0.066650,0.981934,-4.832061,2.137405,-0.809160,0.984195,5.345284,normal
19522,-0.005615,0.072266,0.978271,-4.931298,1.908397,-0.587786,0.980953,5.320261,normal
19542,-0.008057,0.070312,0.979248,-4.893130,1.969466,-0.572519,0.981802,5.305591,normal
19562,-0.007080,0.069824,0.988770,-5.030534,1.603053,-0.633588,0.991257,5.317658,normal
19582,-0.013184,0.070557,0.984619,-5.045802,2.114504,-0.503817,0.987232,5.494094,normal
19602,-0.009033,0.075195,0.984375,-4.954198,1.587786,-0.251908,0.987284,5.208513,normal
19622,-0.009521,0.072510,0.979004,-5.145038,2.389313,-0.603053,0.981732,5.704727,normal
19642,-0.007812,0.064453,0.989746,-4.679389,2.122137,-0.938931,0.991873,5.223193,normal
19662,-0.011230,0.067383,0.985107,-4.801527,2.496183,-0.732824,0.987473,5.461009,normal
19682,-0.003906,0.066650,0.978516,-4.748092,1.931298,-0.603053,0.980791,5.161197,normal
19702,0.001709,0.068115,0.977295,-4.916030,2.007634,-0.381679,0.979667,5.323874,normal
19722,-0.001709,0.065674,0.982666,-4.916030,2.114504,-0.465649,0.984860,5.371714,normal
19742,-0.014404,0.068848,0.984619,-4.938931,2.778626,-0.603053,0.987128,5.698902,normal
19762,-0.013672,0.073730,0.988281,-4.854962,1.984733,-0.694656,0.991122,5.290781,normal
19782,-0.002197,0.064941,0.977783,-4.847328,1.938931,-0.625954,0.979940,5.258123,normal
19802,-0.009277,0.064697,0.986084,-4.916030,1.809160,-0.664122,0.988248,5.280291,normal
19822,-0.008057,0.071533,0.983154,-4.854962,1.870229,-0.580153,0.985786,5.234977,normal
19842,-0.008301,0.071289,0.982666,-4.893130,2.396947,-0.679389,0.985283,5.490869,normal
19862,-0.008301,0.069824,0.979736,-4.923664,2.221374,-0.694656,0.982256,5.446055,normal
19882,-0.009033,0.069580,0.984131,-4.793893,1.900763,-0.763359,0.986629,5.213160,normal
19902,-0.003418,0.071289,0.986328,-4.870229,1.740458,-0.580153,0.988907,5.204316,normal
19922,-0.004883,0.066895,0.987793,-4.984733,2.198473,-0.732824,0.990067,5.497079,normal
19942,-0.015381,0.070068,0.991211,-4.938931,2.175573,-0.671756,0.993803,5.438512,normal
19962,-0.010254,0.064697,0.978271,-4.984733,1.854962,-0.580153,0.980462,5.350235,normal
19982,-0.010010,0.062012,0.976562,-4.900764,1.862595,-0.427481,0.978581,5.260179,normal
20002,-0.007080,0.069824,0.986084,-4.870229,2.083969,-0.519084,0.988578,5.322735,normal
20022,-0.003662,0.064697,0.995850,-4.717557,2.007634,-0.763359,0.997956,5.183499,normal
20042,-0.004639,0.070068,0.985596,-4.938931,1.862595,-0.770992,0.988094,5.334486,normal
20062,-0.013916,0.067139,0.990234,-5.000000,2.206107,-0.656489,0.992605,5.504351,normal
20082,-0.001221,0.070068,0.980713,-4.992366,2.351145,-0.664122,0.983214,5.558117,normal
20102,-0.006592,0.073242,0.983887,-4.832061,2.053435,-0.541985,0.986631,5.278177,normal
20122,-0.011963,0.069824,0.983398,-4.961832,1.786260,-0.603053,0.985947,5.307935,normal
20142,-0.005859,0.065918,0.995605,-5.061069,2.244275,-0.389313,0.997802,5.550023,normal
20162,-0.006348,0.066895,0.984863,-5.099236,2.290076,-0.610687,0.987153,5.623131,normal
20182,-0.004883,0.074707,0.985107,-4.916030,2.099237,-0.610687,0.987948,5.380250,normal
20202,-0.006592,0.073486,0.989258,-4.740458,2.427481,-0.816794,0.992005,5.388113,normal
20222,-0.006592,0.065918,0.979004,-4.648855,2.137405,-0.442748,0.981243,5.135794,normal
20242,0.000244,0.065674,0.970947,-4.877862,2.091603,-0.358779,0.973166,5.319499,normal
20262,-0.009277,0.067871,0.981201,-4.893130,2.274809,-0.725191,0.983589,5.444573,normal
20282,-0.004150,0.070557,0.982666,-4.900764,1.992366,-0.549618,0.985205,5.318748,normal
20302,-0.009521,0.070312,0.989258,-4.900764,2.305344,-0.480916,0.991799,5.437221,normal
20322,-0.005371,0.069580,0.984375,-4.770992,2.000000,-0.557252,0.986846,5.203162,normal
20342,-0.006836,0.067871,0.979004,-4.870229,2.099237,-0.519084,0.981378,5.328731,normal
20362,-0.010010,0.071045,0.982422,-4.778626,2.083969,-0.732824,0.985038,5.264525,normal
20382,-0.010498,0.071289,0.993164,-4.671756,2.160305,-0.786260,0.995775,5.206768,normal
20402,-0.012695,0.073486,0.982422,-4.908397,1.900763,-0.725191,0.985248,5.313301,normal
20422,-0.007324,0.076172,0.984619,-5.030534,2.106870,-0.618321,0.987588,5.488852,normal
20442,-0.008789,0.070557,0.982910,-5.335878,2.770992,-0.106870,0.985479,6.013436,normal
20462,-0.010010,0.069824,0.963379,-4.877862,1.732824,0.389313,0.965958,5.191126,normal
20482,-0.007080,0.060547,1.006104,-3.625954,2.328244,-3.564885,1.007949,5.592555,normal
20502,0.000244,0.054199,0.959229,-4.862596,1.427481,-0.106870,0.960759,5.068921,normal
20522,-0.009521,0.059082,1.001953,-5.076336,2.328244,-0.916031,1.003739,5.659419,normal
20542,0.000488,0.053223,0.981934,-5.114504,1.732824,-0.587786,0.983375,5.431973,normal
20562,-0.009277,0.082275,0.989014,-5.572519,1.961832,0.152672,0.992473,5.909743,normal
20582,-0.015869,0.074707,0.970947,-4.832061,2.274809,-0.786260,0.973946,5.398313,normal
20602,-0.011230,0.070801,0.979004,-4.664122,2.099237,-0.725191,0.981625,5.165920,normal
20622,-0.003662,0.065918,0.986572,-4.877862,1.893130,-0.564885,0.988779,5.262754,normal
20642,-0.008545,0.066406,0.977539,-4.893130,1.931298,-0.709924,0.979829,5.308166,normal
20662,-0.010742,0.073486,0.989258,-4.900764,1.832061,-0.679389,0.992042,5.275936,normal
20682,-0.001953,0.074951,0.979980,-4.984733,2.404580,-0.770992,0.982844,5.587843,normal
20702,-0.001709,0.073242,0.987305,-4.801527,2.419847,-0.725191,0.990019,5.425516,normal
20722,-0.009277,0.069580,0.986328,-4.862596,1.824427,-0.549618,0.988823,5.222590,normal
20742,-0.004639,0.069092,1.000488,-5.053435,2.061069,-0.458015,1.002882,5.476768,normal
20762,-0.004639,0.069336,0.989502,-4.938931,1.893130,-0.633588,0.991939,5.327140,normal
20782,-0.003174,0.068115,0.985107,-5.022901,2.015267,-0.763359,0.987465,5.465670,normal
20802,-0.008545,0.070557,0.981689,-4.977099,2.122137,-0.587786,0.984259,5.442470,normal
20822,-0.006836,0.073486,0.993896,-4.992366,2.175573,-0.465649,0.996633,5.465681,normal
20842,-0.012207,0.075928,0.987793,-4.900764,2.114504,-0.450382,0.990782,5.356440,normal
20862,-0.001953,0.070801,0.977295,-5.000000,1.679389,-0.648855,0.979858,5.314260,normal
20882,-0.005859,0.068848,0.992432,-4.839694,2.213740,-0.557252,0.994834,5.351058,normal
20902,-0.005859,0.068115,0.980225,-4.862596,2.000000,-0.442748,0.982606,5.276444,normal
20922,-0.004395,0.066162,0.988770,-4.854962,2.396947,-0.671756,0.990990,5.455938,normal
20942,-0.010742,0.068115,0.985107,-4.847328,2.076336,-0.755725,0.987518,5.327183,normal
20962,-0.014893,0.066650,0.992188,-4.893130,1.717557,-0.625954,0.994535,5.223461,normal
20982,-0.007324,0.068604,0.984131,-4.984733,1.893130,-0.656489,0.986546,5.372381,normal
21002,-0.005127,0.069336,0.985107,-4.938931,2.076336,-0.725191,0.987558,5.406488,normal
21022,-0.008057,0.067383,0.983398,-4.977099,2.274809,-0.671756,0.985737,5.513396,normal
21042,-0.011719,0.070068,0.988770,-4.946565,2.099237,-0.656489,0.991318,5.413527,normal
21062,-0.004639,0.071533,0.984863,-5.053435,1.992366,-0.503817,0.987469,5.455325,normal
21082,0.000488,0.067627,0.981201,-4.870229,2.045802,-0.702290,0.983529,5.328945,normal
21102,0.003662,0.035645,0.916260,-5.320611,2.458015,0.977099,0.916960,5.941840,normal